"","Quarter_Year","gender","top_ofnse_typ_desc","admin_type","count"
"1",2010 Q1,"F","ALCOHOL & DRUG","New Commitment",87.42
"2",2010 Q1,"F","ALCOHOL & DRUG","Technical Commitment",1
"3",2010 Q1,"F","ALCOHOL & DRUG","Technical Commitment",10.04
"4",2010 Q1,"F","DRIVING","New Commitment",22.64
"5",2010 Q1,"F","DRIVING","Technical Commitment",5.91
"6",2010 Q1,"F","DRUG POSSESSION ONLY","New Commitment",56.7
"7",2010 Q1,"F","DRUG POSSESSION ONLY","Technical Commitment",1
"8",2010 Q1,"F","DRUG POSSESSION ONLY","Technical Commitment",10.34
"9",2010 Q1,"F","MURDER","New Commitment",39.59
"10",2010 Q1,"F","MURDER","Technical Commitment",1
"11",2010 Q1,"F","MURDER","Technical Commitment",1.01
"12",2010 Q1,"F","OTHER","New Commitment",15.77
"13",2010 Q1,"F","OTHER","Technical Commitment",1.37
"14",2010 Q1,"F","PERSON","New Commitment",75.87
"15",2010 Q1,"F","PERSON","Technical Commitment",1
"16",2010 Q1,"F","PERSON","Technical Commitment",6.04
"17",2010 Q1,"F","PROPERTY","New Commitment",155.99
"18",2010 Q1,"F","PROPERTY","Technical Commitment",49.3
"19",2010 Q1,"F","SEX OFFENSE","New Commitment",23.61
"20",2010 Q1,"F","WEAPONS","New Commitment",1
"21",2010 Q1,"M","OTHER","New Commitment",3.82
"22",2010 Q1,"M","ALCOHOL & DRUG","New Commitment",427.98
"23",2010 Q1,"M","ALCOHOL & DRUG","Technical Commitment",2
"24",2010 Q1,"M","ALCOHOL & DRUG","Technical Commitment",60.28
"25",2010 Q1,"M","DRIVING","New Commitment",239.22
"26",2010 Q1,"M","DRIVING","Technical Commitment",38.77
"27",2010 Q1,"M","DRUG POSSESSION ONLY","New Commitment",190.48
"28",2010 Q1,"M","DRUG POSSESSION ONLY","Technical Commitment",1
"29",2010 Q1,"M","DRUG POSSESSION ONLY","Technical Commitment",61.49
"30",2010 Q1,"M","MURDER","New Commitment",578.13
"31",2010 Q1,"M","MURDER","Technical Commitment",23.31
"32",2010 Q1,"M","MURDER","Technical Commitment",15.61
"33",2010 Q1,"M","OTHER","New Commitment",58.91
"34",2010 Q1,"M","OTHER","Technical Commitment",15.76
"35",2010 Q1,"M","PERSON","New Commitment",971.54
"36",2010 Q1,"M","PERSON","Technical Commitment",5.34
"37",2010 Q1,"M","PERSON","Technical Commitment",106.42
"38",2010 Q1,"M","PROPERTY","New Commitment",988.97
"39",2010 Q1,"M","PROPERTY","Technical Commitment",3
"40",2010 Q1,"M","PROPERTY","Technical Commitment",157.38
"41",2010 Q1,"M","SEX OFFENSE","New Commitment",6.22
"42",2010 Q1,"M","SEX OFFENSE","New Commitment",1770.56
"43",2010 Q1,"M","SEX OFFENSE","Technical Commitment",16
"44",2010 Q1,"M","SEX OFFENSE","Technical Commitment",192.91
"45",2010 Q1,"M","WEAPONS","New Commitment",61.9
"46",2010 Q1,"M","WEAPONS","Technical Commitment",1
"47",2010 Q1,"M","WEAPONS","Technical Commitment",9.08
"48",2010 Q2,"F","ALCOHOL & DRUG","New Commitment",81.65
"49",2010 Q2,"F","ALCOHOL & DRUG","Technical Commitment",1
"50",2010 Q2,"F","ALCOHOL & DRUG","Technical Commitment",6.44
"51",2010 Q2,"F","DRIVING","New Commitment",18.02
"52",2010 Q2,"F","DRIVING","Technical Commitment",5.01
"53",2010 Q2,"F","DRUG POSSESSION ONLY","New Commitment",56.69
"54",2010 Q2,"F","DRUG POSSESSION ONLY","Technical Commitment",1
"55",2010 Q2,"F","DRUG POSSESSION ONLY","Technical Commitment",9.34
"56",2010 Q2,"F","MURDER","New Commitment",39
"57",2010 Q2,"F","MURDER","Technical Commitment",1
"58",2010 Q2,"F","MURDER","Technical Commitment",1.07
"59",2010 Q2,"F","OTHER","New Commitment",8.84
"60",2010 Q2,"F","OTHER","Technical Commitment",1
"61",2010 Q2,"F","PERSON","New Commitment",80.01
"62",2010 Q2,"F","PERSON","Technical Commitment",6.59
"63",2010 Q2,"F","PROPERTY","New Commitment",157.38
"64",2010 Q2,"F","PROPERTY","Technical Commitment",44.58
"65",2010 Q2,"F","SEX OFFENSE","New Commitment",24.53
"66",2010 Q2,"F","WEAPONS","New Commitment",1
"67",2010 Q2,"M","OTHER","New Commitment",6
"68",2010 Q2,"M","ALCOHOL & DRUG","New Commitment",436.03
"69",2010 Q2,"M","ALCOHOL & DRUG","Technical Commitment",2.01
"70",2010 Q2,"M","ALCOHOL & DRUG","Technical Commitment",59.76
"71",2010 Q2,"M","DRIVING","New Commitment",252.75
"72",2010 Q2,"M","DRIVING","Technical Commitment",43.36
"73",2010 Q2,"M","DRUG POSSESSION ONLY","New Commitment",187.27
"74",2010 Q2,"M","DRUG POSSESSION ONLY","Technical Commitment",52.14
"75",2010 Q2,"M","MURDER","New Commitment",579.18
"76",2010 Q2,"M","MURDER","Technical Commitment",23.82
"77",2010 Q2,"M","MURDER","Technical Commitment",13.2
"78",2010 Q2,"M","OTHER","New Commitment",59.71
"79",2010 Q2,"M","OTHER","Technical Commitment",11.71
"80",2010 Q2,"M","PERSON","New Commitment",991.78
"81",2010 Q2,"M","PERSON","Technical Commitment",6.16
"82",2010 Q2,"M","PERSON","Technical Commitment",107.7
"83",2010 Q2,"M","PROPERTY","New Commitment",1039.49
"84",2010 Q2,"M","PROPERTY","Technical Commitment",2.84
"85",2010 Q2,"M","PROPERTY","Technical Commitment",151.57
"86",2010 Q2,"M","SEX OFFENSE","New Commitment",8.13
"87",2010 Q2,"M","SEX OFFENSE","New Commitment",1791.4
"88",2010 Q2,"M","SEX OFFENSE","Technical Commitment",16
"89",2010 Q2,"M","SEX OFFENSE","Technical Commitment",196.97
"90",2010 Q2,"M","WEAPONS","New Commitment",65.16
"91",2010 Q2,"M","WEAPONS","Technical Commitment",1
"92",2010 Q2,"M","WEAPONS","Technical Commitment",10.47
"93",2010 Q3,"F","ALCOHOL & DRUG","New Commitment",80.49
"94",2010 Q3,"F","ALCOHOL & DRUG","Technical Commitment",1
"95",2010 Q3,"F","ALCOHOL & DRUG","Technical Commitment",13.5
"96",2010 Q3,"F","DRIVING","New Commitment",18.37
"97",2010 Q3,"F","DRIVING","Technical Commitment",3.22
"98",2010 Q3,"F","DRUG POSSESSION ONLY","New Commitment",60.38
"99",2010 Q3,"F","DRUG POSSESSION ONLY","Technical Commitment",1
"100",2010 Q3,"F","DRUG POSSESSION ONLY","Technical Commitment",10.66
"101",2010 Q3,"F","MURDER","New Commitment",39.93
"102",2010 Q3,"F","MURDER","Technical Commitment",1
"103",2010 Q3,"F","MURDER","Technical Commitment",1.1
"104",2010 Q3,"F","OTHER","New Commitment",7.7
"105",2010 Q3,"F","OTHER","Technical Commitment",1
"106",2010 Q3,"F","PERSON","New Commitment",81.29
"107",2010 Q3,"F","PERSON","Technical Commitment",4.17
"108",2010 Q3,"F","PROPERTY","New Commitment",177.54
"109",2010 Q3,"F","PROPERTY","Technical Commitment",1
"110",2010 Q3,"F","PROPERTY","Technical Commitment",40.53
"111",2010 Q3,"F","SEX OFFENSE","New Commitment",24.54
"112",2010 Q3,"F","SEX OFFENSE","Technical Commitment",1
"113",2010 Q3,"F","WEAPONS","New Commitment",1.64
"114",2010 Q3,"F","WEAPONS","Technical Commitment",1
"115",2010 Q3,"M","OTHER","New Commitment",6
"116",2010 Q3,"M","ALCOHOL & DRUG","New Commitment",437.48
"117",2010 Q3,"M","ALCOHOL & DRUG","Technical Commitment",2
"118",2010 Q3,"M","ALCOHOL & DRUG","Technical Commitment",60.04
"119",2010 Q3,"M","DRIVING","New Commitment",254.82
"120",2010 Q3,"M","DRIVING","Technical Commitment",49.98
"121",2010 Q3,"M","DRUG POSSESSION ONLY","New Commitment",185.39
"122",2010 Q3,"M","DRUG POSSESSION ONLY","Technical Commitment",47.05
"123",2010 Q3,"M","MURDER","New Commitment",580.83
"124",2010 Q3,"M","MURDER","Technical Commitment",24
"125",2010 Q3,"M","MURDER","Technical Commitment",14.04
"126",2010 Q3,"M","OTHER","New Commitment",62.89
"127",2010 Q3,"M","OTHER","Technical Commitment",12.52
"128",2010 Q3,"M","PERSON","New Commitment",1010.01
"129",2010 Q3,"M","PERSON","Technical Commitment",7
"130",2010 Q3,"M","PERSON","Technical Commitment",109.6
"131",2010 Q3,"M","PROPERTY","New Commitment",1047.18
"132",2010 Q3,"M","PROPERTY","Technical Commitment",2
"133",2010 Q3,"M","PROPERTY","Technical Commitment",140.03
"134",2010 Q3,"M","SEX OFFENSE","New Commitment",8.67
"135",2010 Q3,"M","SEX OFFENSE","New Commitment",1809.43
"136",2010 Q3,"M","SEX OFFENSE","Technical Commitment",16
"137",2010 Q3,"M","SEX OFFENSE","Technical Commitment",195.65
"138",2010 Q3,"M","WEAPONS","New Commitment",64.98
"139",2010 Q3,"M","WEAPONS","Technical Commitment",1
"140",2010 Q3,"M","WEAPONS","Technical Commitment",11.52
"141",2010 Q4,"F","ALCOHOL & DRUG","New Commitment",90.03
"142",2010 Q4,"F","ALCOHOL & DRUG","Technical Commitment",1
"143",2010 Q4,"F","ALCOHOL & DRUG","Technical Commitment",15.28
"144",2010 Q4,"F","DRIVING","New Commitment",19.82
"145",2010 Q4,"F","DRIVING","Technical Commitment",2.66
"146",2010 Q4,"F","DRUG POSSESSION ONLY","New Commitment",50.87
"147",2010 Q4,"F","DRUG POSSESSION ONLY","Technical Commitment",1
"148",2010 Q4,"F","DRUG POSSESSION ONLY","Technical Commitment",10.59
"149",2010 Q4,"F","MURDER","New Commitment",40.15
"150",2010 Q4,"F","MURDER","Technical Commitment",1
"151",2010 Q4,"F","MURDER","Technical Commitment",1.13
"152",2010 Q4,"F","OTHER","New Commitment",11.85
"153",2010 Q4,"F","OTHER","Technical Commitment",1
"154",2010 Q4,"F","PERSON","New Commitment",83.72
"155",2010 Q4,"F","PERSON","Technical Commitment",5.17
"156",2010 Q4,"F","PROPERTY","New Commitment",198.5
"157",2010 Q4,"F","PROPERTY","Technical Commitment",1
"158",2010 Q4,"F","PROPERTY","Technical Commitment",32.13
"159",2010 Q4,"F","SEX OFFENSE","New Commitment",24.7
"160",2010 Q4,"F","SEX OFFENSE","Technical Commitment",1
"161",2010 Q4,"F","WEAPONS","New Commitment",2
"162",2010 Q4,"F","WEAPONS","Technical Commitment",1
"163",2010 Q4,"M","OTHER","New Commitment",6.93
"164",2010 Q4,"M","ALCOHOL & DRUG","New Commitment",430.73
"165",2010 Q4,"M","ALCOHOL & DRUG","Technical Commitment",2
"166",2010 Q4,"M","ALCOHOL & DRUG","Technical Commitment",64.75
"167",2010 Q4,"M","DRIVING","New Commitment",266.26
"168",2010 Q4,"M","DRIVING","Technical Commitment",49.22
"169",2010 Q4,"M","DRUG POSSESSION ONLY","New Commitment",174.37
"170",2010 Q4,"M","DRUG POSSESSION ONLY","Technical Commitment",45.25
"171",2010 Q4,"M","MURDER","New Commitment",583.65
"172",2010 Q4,"M","MURDER","Technical Commitment",23
"173",2010 Q4,"M","MURDER","Technical Commitment",18.21
"174",2010 Q4,"M","OTHER","New Commitment",70.35
"175",2010 Q4,"M","OTHER","Technical Commitment",13.3
"176",2010 Q4,"M","PERSON","New Commitment",1035.99
"177",2010 Q4,"M","PERSON","Technical Commitment",7.43
"178",2010 Q4,"M","PERSON","Technical Commitment",100.86
"179",2010 Q4,"M","PROPERTY","New Commitment",1072.32
"180",2010 Q4,"M","PROPERTY","Technical Commitment",2
"181",2010 Q4,"M","PROPERTY","Technical Commitment",142.16
"182",2010 Q4,"M","SEX OFFENSE","New Commitment",9.26
"183",2010 Q4,"M","SEX OFFENSE","New Commitment",1825.02
"184",2010 Q4,"M","SEX OFFENSE","Technical Commitment",16
"185",2010 Q4,"M","SEX OFFENSE","Technical Commitment",195.7
"186",2010 Q4,"M","WEAPONS","New Commitment",63.68
"187",2010 Q4,"M","WEAPONS","Technical Commitment",1
"188",2010 Q4,"M","WEAPONS","Technical Commitment",13.84
"189",2011 Q1,"F","ALCOHOL & DRUG","New Commitment",89.87
"190",2011 Q1,"F","ALCOHOL & DRUG","Technical Commitment",1
"191",2011 Q1,"F","ALCOHOL & DRUG","Technical Commitment",13.03
"192",2011 Q1,"F","DRIVING","New Commitment",20.5
"193",2011 Q1,"F","DRIVING","Technical Commitment",2.99
"194",2011 Q1,"F","DRUG POSSESSION ONLY","New Commitment",45.69
"195",2011 Q1,"F","DRUG POSSESSION ONLY","Technical Commitment",1
"196",2011 Q1,"F","DRUG POSSESSION ONLY","Technical Commitment",12.69
"197",2011 Q1,"F","MURDER","New Commitment",40
"198",2011 Q1,"F","MURDER","Technical Commitment",1
"199",2011 Q1,"F","MURDER","Technical Commitment",1.57
"200",2011 Q1,"F","OTHER","New Commitment",10.19
"201",2011 Q1,"F","OTHER","Technical Commitment",1
"202",2011 Q1,"F","PERSON","New Commitment",87.44
"203",2011 Q1,"F","PERSON","Technical Commitment",5.36
"204",2011 Q1,"F","PROPERTY","New Commitment",207.63
"205",2011 Q1,"F","PROPERTY","Technical Commitment",1
"206",2011 Q1,"F","PROPERTY","Technical Commitment",29.89
"207",2011 Q1,"F","SEX OFFENSE","New Commitment",28.87
"208",2011 Q1,"F","SEX OFFENSE","Technical Commitment",1
"209",2011 Q1,"F","WEAPONS","New Commitment",1.12
"210",2011 Q1,"F","WEAPONS","Technical Commitment",1
"211",2011 Q1,"M","OTHER","New Commitment",7.47
"212",2011 Q1,"M","ALCOHOL & DRUG","New Commitment",432.27
"213",2011 Q1,"M","ALCOHOL & DRUG","Technical Commitment",2
"214",2011 Q1,"M","ALCOHOL & DRUG","Technical Commitment",53.81
"215",2011 Q1,"M","DRIVING","New Commitment",265.59
"216",2011 Q1,"M","DRIVING","Technical Commitment",37.49
"217",2011 Q1,"M","DRUG POSSESSION ONLY","New Commitment",179.29
"218",2011 Q1,"M","DRUG POSSESSION ONLY","Technical Commitment",34.6
"219",2011 Q1,"M","MURDER","New Commitment",589.57
"220",2011 Q1,"M","MURDER","Technical Commitment",22.62
"221",2011 Q1,"M","MURDER","Technical Commitment",17.1
"222",2011 Q1,"M","OTHER","New Commitment",72.08
"223",2011 Q1,"M","OTHER","Technical Commitment",11.53
"224",2011 Q1,"M","PERSON","New Commitment",1038.87
"225",2011 Q1,"M","PERSON","Technical Commitment",8
"226",2011 Q1,"M","PERSON","Technical Commitment",99.16
"227",2011 Q1,"M","PROPERTY","New Commitment",1093.16
"228",2011 Q1,"M","PROPERTY","Technical Commitment",2
"229",2011 Q1,"M","PROPERTY","Technical Commitment",130.69
"230",2011 Q1,"M","SEX OFFENSE","New Commitment",9.9
"231",2011 Q1,"M","SEX OFFENSE","New Commitment",1844.96
"232",2011 Q1,"M","SEX OFFENSE","Technical Commitment",15.2
"233",2011 Q1,"M","SEX OFFENSE","Technical Commitment",189.68
"234",2011 Q1,"M","WEAPONS","New Commitment",66.34
"235",2011 Q1,"M","WEAPONS","Technical Commitment",1
"236",2011 Q1,"M","WEAPONS","Technical Commitment",12.48
"237",2011 Q2,"F","ALCOHOL & DRUG","New Commitment",89.22
"238",2011 Q2,"F","ALCOHOL & DRUG","Technical Commitment",1
"239",2011 Q2,"F","ALCOHOL & DRUG","Technical Commitment",10.31
"240",2011 Q2,"F","DRIVING","New Commitment",23.41
"241",2011 Q2,"F","DRIVING","Technical Commitment",3.25
"242",2011 Q2,"F","DRUG POSSESSION ONLY","New Commitment",48.81
"243",2011 Q2,"F","DRUG POSSESSION ONLY","Technical Commitment",1
"244",2011 Q2,"F","DRUG POSSESSION ONLY","Technical Commitment",14.84
"245",2011 Q2,"F","MURDER","New Commitment",40.33
"246",2011 Q2,"F","MURDER","Technical Commitment",1
"247",2011 Q2,"F","MURDER","Technical Commitment",1.75
"248",2011 Q2,"F","OTHER","New Commitment",9.86
"249",2011 Q2,"F","OTHER","Technical Commitment",1
"250",2011 Q2,"F","PERSON","New Commitment",88.89
"251",2011 Q2,"F","PERSON","Technical Commitment",5.01
"252",2011 Q2,"F","PROPERTY","New Commitment",197.26
"253",2011 Q2,"F","PROPERTY","Technical Commitment",1
"254",2011 Q2,"F","PROPERTY","Technical Commitment",23.35
"255",2011 Q2,"F","SEX OFFENSE","New Commitment",33.29
"256",2011 Q2,"F","SEX OFFENSE","Technical Commitment",1
"257",2011 Q2,"F","WEAPONS","New Commitment",1
"258",2011 Q2,"M","OTHER","New Commitment",7.12
"259",2011 Q2,"M","ALCOHOL & DRUG","New Commitment",428.22
"260",2011 Q2,"M","ALCOHOL & DRUG","Technical Commitment",2
"261",2011 Q2,"M","ALCOHOL & DRUG","Technical Commitment",45.79
"262",2011 Q2,"M","DRIVING","New Commitment",261.02
"263",2011 Q2,"M","DRIVING","Technical Commitment",33.48
"264",2011 Q2,"M","DRUG POSSESSION ONLY","New Commitment",186.8
"265",2011 Q2,"M","DRUG POSSESSION ONLY","Technical Commitment",31.55
"266",2011 Q2,"M","MURDER","New Commitment",592.49
"267",2011 Q2,"M","MURDER","Technical Commitment",21.84
"268",2011 Q2,"M","MURDER","Technical Commitment",15.22
"269",2011 Q2,"M","OTHER","New Commitment",74.19
"270",2011 Q2,"M","OTHER","Technical Commitment",11.87
"271",2011 Q2,"M","PERSON","New Commitment",1044.26
"272",2011 Q2,"M","PERSON","Technical Commitment",8
"273",2011 Q2,"M","PERSON","Technical Commitment",107.51
"274",2011 Q2,"M","PROPERTY","New Commitment",1111.01
"275",2011 Q2,"M","PROPERTY","Technical Commitment",2
"276",2011 Q2,"M","PROPERTY","Technical Commitment",114
"277",2011 Q2,"M","SEX OFFENSE","New Commitment",7.91
"278",2011 Q2,"M","SEX OFFENSE","Technical Commitment",1
"279",2011 Q2,"M","SEX OFFENSE","New Commitment",1862.79
"280",2011 Q2,"M","SEX OFFENSE","Technical Commitment",15
"281",2011 Q2,"M","SEX OFFENSE","Technical Commitment",175.22
"282",2011 Q2,"M","WEAPONS","New Commitment",68.21
"283",2011 Q2,"M","WEAPONS","Technical Commitment",6.95
"284",2011 Q3,"F","ALCOHOL & DRUG","New Commitment",80.92
"285",2011 Q3,"F","ALCOHOL & DRUG","Technical Commitment",11.34
"286",2011 Q3,"F","DRIVING","New Commitment",20.79
"287",2011 Q3,"F","DRIVING","Technical Commitment",2.23
"288",2011 Q3,"F","DRUG POSSESSION ONLY","New Commitment",49.23
"289",2011 Q3,"F","DRUG POSSESSION ONLY","Technical Commitment",11.12
"290",2011 Q3,"F","MURDER","New Commitment",39.95
"291",2011 Q3,"F","MURDER","Technical Commitment",1
"292",2011 Q3,"F","MURDER","Technical Commitment",1
"293",2011 Q3,"F","OTHER","New Commitment",9.38
"294",2011 Q3,"F","OTHER","Technical Commitment",1
"295",2011 Q3,"F","PERSON","New Commitment",86.8
"296",2011 Q3,"F","PERSON","Technical Commitment",6.36
"297",2011 Q3,"F","PROPERTY","New Commitment",192.22
"298",2011 Q3,"F","PROPERTY","Technical Commitment",1
"299",2011 Q3,"F","PROPERTY","Technical Commitment",21.49
"300",2011 Q3,"F","SEX OFFENSE","New Commitment",35.71
"301",2011 Q3,"F","SEX OFFENSE","Technical Commitment",1
"302",2011 Q3,"M","OTHER","New Commitment",6.79
"303",2011 Q3,"M","OTHER","Technical Commitment",1
"304",2011 Q3,"M","ALCOHOL & DRUG","New Commitment",412.29
"305",2011 Q3,"M","ALCOHOL & DRUG","Technical Commitment",2.02
"306",2011 Q3,"M","ALCOHOL & DRUG","Technical Commitment",39.05
"307",2011 Q3,"M","DRIVING","New Commitment",246.52
"308",2011 Q3,"M","DRIVING","Technical Commitment",35.87
"309",2011 Q3,"M","DRUG POSSESSION ONLY","New Commitment",191.05
"310",2011 Q3,"M","DRUG POSSESSION ONLY","Technical Commitment",25.14
"311",2011 Q3,"M","MURDER","New Commitment",600.62
"312",2011 Q3,"M","MURDER","Technical Commitment",21
"313",2011 Q3,"M","MURDER","Technical Commitment",15.53
"314",2011 Q3,"M","OTHER","New Commitment",70.5
"315",2011 Q3,"M","OTHER","Technical Commitment",11.84
"316",2011 Q3,"M","PERSON","New Commitment",1052.98
"317",2011 Q3,"M","PERSON","Technical Commitment",8
"318",2011 Q3,"M","PERSON","Technical Commitment",95.85
"319",2011 Q3,"M","PROPERTY","New Commitment",1093.35
"320",2011 Q3,"M","PROPERTY","Technical Commitment",2
"321",2011 Q3,"M","PROPERTY","Technical Commitment",124.25
"322",2011 Q3,"M","SEX OFFENSE","New Commitment",7.85
"323",2011 Q3,"M","SEX OFFENSE","Technical Commitment",1
"324",2011 Q3,"M","SEX OFFENSE","New Commitment",1883.41
"325",2011 Q3,"M","SEX OFFENSE","Technical Commitment",15
"326",2011 Q3,"M","SEX OFFENSE","Technical Commitment",172.8
"327",2011 Q3,"M","WEAPONS","New Commitment",67.49
"328",2011 Q3,"M","WEAPONS","Technical Commitment",7.22
"329",2011 Q4,"F","ALCOHOL & DRUG","New Commitment",74.72
"330",2011 Q4,"F","ALCOHOL & DRUG","Technical Commitment",16.76
"331",2011 Q4,"F","DRIVING","New Commitment",19.86
"332",2011 Q4,"F","DRIVING","Technical Commitment",3.13
"333",2011 Q4,"F","DRUG POSSESSION ONLY","New Commitment",55.82
"334",2011 Q4,"F","DRUG POSSESSION ONLY","Technical Commitment",1
"335",2011 Q4,"F","DRUG POSSESSION ONLY","Technical Commitment",8.18
"336",2011 Q4,"F","MURDER","New Commitment",39.47
"337",2011 Q4,"F","MURDER","Technical Commitment",1
"338",2011 Q4,"F","MURDER","Technical Commitment",2.11
"339",2011 Q4,"F","OTHER","New Commitment",9.38
"340",2011 Q4,"F","PERSON","New Commitment",86.43
"341",2011 Q4,"F","PERSON","Technical Commitment",6.37
"342",2011 Q4,"F","PROPERTY","New Commitment",193.35
"343",2011 Q4,"F","PROPERTY","Technical Commitment",1
"344",2011 Q4,"F","PROPERTY","Technical Commitment",26.65
"345",2011 Q4,"F","SEX OFFENSE","New Commitment",35.37
"346",2011 Q4,"F","SEX OFFENSE","Technical Commitment",1
"347",2011 Q4,"M","OTHER","New Commitment",8.2
"348",2011 Q4,"M","OTHER","Technical Commitment",1
"349",2011 Q4,"M","ALCOHOL & DRUG","New Commitment",420.45
"350",2011 Q4,"M","ALCOHOL & DRUG","Technical Commitment",3
"351",2011 Q4,"M","ALCOHOL & DRUG","Technical Commitment",42.34
"352",2011 Q4,"M","DRIVING","New Commitment",229.5
"353",2011 Q4,"M","DRIVING","Technical Commitment",34.24
"354",2011 Q4,"M","DRUG POSSESSION ONLY","New Commitment",186.89
"355",2011 Q4,"M","DRUG POSSESSION ONLY","Technical Commitment",27.86
"356",2011 Q4,"M","MURDER","New Commitment",607.29
"357",2011 Q4,"M","MURDER","Technical Commitment",21.58
"358",2011 Q4,"M","MURDER","Technical Commitment",15.02
"359",2011 Q4,"M","OTHER","New Commitment",72.58
"360",2011 Q4,"M","OTHER","Technical Commitment",10.74
"361",2011 Q4,"M","PERSON","New Commitment",1069.65
"362",2011 Q4,"M","PERSON","Technical Commitment",8.96
"363",2011 Q4,"M","PERSON","Technical Commitment",90.86
"364",2011 Q4,"M","PROPERTY","New Commitment",1105.82
"365",2011 Q4,"M","PROPERTY","Technical Commitment",2
"366",2011 Q4,"M","PROPERTY","Technical Commitment",125.97
"367",2011 Q4,"M","SEX OFFENSE","New Commitment",7.42
"368",2011 Q4,"M","SEX OFFENSE","New Commitment",1895
"369",2011 Q4,"M","SEX OFFENSE","Technical Commitment",14.15
"370",2011 Q4,"M","SEX OFFENSE","Technical Commitment",169.54
"371",2011 Q4,"M","WEAPONS","New Commitment",66.08
"372",2011 Q4,"M","WEAPONS","Technical Commitment",9.77
"373",2012 Q1,"F","ALCOHOL & DRUG","New Commitment",75.03
"374",2012 Q1,"F","ALCOHOL & DRUG","Technical Commitment",14.73
"375",2012 Q1,"F","DRIVING","New Commitment",19.64
"376",2012 Q1,"F","DRIVING","Technical Commitment",1.59
"377",2012 Q1,"F","DRUG POSSESSION ONLY","New Commitment",56.43
"378",2012 Q1,"F","DRUG POSSESSION ONLY","Technical Commitment",1
"379",2012 Q1,"F","DRUG POSSESSION ONLY","Technical Commitment",11.69
"380",2012 Q1,"F","MURDER","New Commitment",36.92
"381",2012 Q1,"F","MURDER","Technical Commitment",1
"382",2012 Q1,"F","MURDER","Technical Commitment",2.45
"383",2012 Q1,"F","OTHER","New Commitment",10.75
"384",2012 Q1,"F","PERSON","New Commitment",93.41
"385",2012 Q1,"F","PERSON","Technical Commitment",5.96
"386",2012 Q1,"F","PROPERTY","New Commitment",208.2
"387",2012 Q1,"F","PROPERTY","Technical Commitment",1.87
"388",2012 Q1,"F","PROPERTY","Technical Commitment",31.18
"389",2012 Q1,"F","SEX OFFENSE","New Commitment",36.55
"390",2012 Q1,"F","SEX OFFENSE","Technical Commitment",1.99
"391",2012 Q1,"F","WEAPONS","New Commitment",1
"392",2012 Q1,"M","OTHER","New Commitment",8
"393",2012 Q1,"M","ALCOHOL & DRUG","New Commitment",423.22
"394",2012 Q1,"M","ALCOHOL & DRUG","Technical Commitment",3
"395",2012 Q1,"M","ALCOHOL & DRUG","Technical Commitment",40.96
"396",2012 Q1,"M","DRIVING","New Commitment",222.7
"397",2012 Q1,"M","DRIVING","Technical Commitment",35.88
"398",2012 Q1,"M","DRUG POSSESSION ONLY","New Commitment",190.44
"399",2012 Q1,"M","DRUG POSSESSION ONLY","Technical Commitment",29.84
"400",2012 Q1,"M","MURDER","New Commitment",612.24
"401",2012 Q1,"M","MURDER","Technical Commitment",22.4
"402",2012 Q1,"M","MURDER","Technical Commitment",14.97
"403",2012 Q1,"M","OTHER","New Commitment",69.32
"404",2012 Q1,"M","OTHER","Technical Commitment",11.85
"405",2012 Q1,"M","PERSON","New Commitment",1067.78
"406",2012 Q1,"M","PERSON","Technical Commitment",9.58
"407",2012 Q1,"M","PERSON","Technical Commitment",88.54
"408",2012 Q1,"M","PROPERTY","New Commitment",1110.46
"409",2012 Q1,"M","PROPERTY","Technical Commitment",2
"410",2012 Q1,"M","PROPERTY","Technical Commitment",127.37
"411",2012 Q1,"M","SEX OFFENSE","New Commitment",7.71
"412",2012 Q1,"M","SEX OFFENSE","New Commitment",1907.98
"413",2012 Q1,"M","SEX OFFENSE","Technical Commitment",14
"414",2012 Q1,"M","SEX OFFENSE","Technical Commitment",166.53
"415",2012 Q1,"M","WEAPONS","New Commitment",63.46
"416",2012 Q1,"M","WEAPONS","Technical Commitment",14.51
"417",2012 Q2,"F","ALCOHOL & DRUG","New Commitment",75.07
"418",2012 Q2,"F","ALCOHOL & DRUG","Technical Commitment",12.31
"419",2012 Q2,"F","DRIVING","New Commitment",17.96
"420",2012 Q2,"F","DRIVING","Technical Commitment",2.03
"421",2012 Q2,"F","DRUG POSSESSION ONLY","New Commitment",54.62
"422",2012 Q2,"F","DRUG POSSESSION ONLY","Technical Commitment",1
"423",2012 Q2,"F","DRUG POSSESSION ONLY","Technical Commitment",12.76
"424",2012 Q2,"F","MURDER","New Commitment",36.9
"425",2012 Q2,"F","MURDER","Technical Commitment",1
"426",2012 Q2,"F","MURDER","Technical Commitment",3.89
"427",2012 Q2,"F","OTHER","New Commitment",12.13
"428",2012 Q2,"F","OTHER","Technical Commitment",1.43
"429",2012 Q2,"F","PERSON","New Commitment",100.58
"430",2012 Q2,"F","PERSON","Technical Commitment",7.78
"431",2012 Q2,"F","PROPERTY","New Commitment",202.51
"432",2012 Q2,"F","PROPERTY","Technical Commitment",1.03
"433",2012 Q2,"F","PROPERTY","Technical Commitment",25.7
"434",2012 Q2,"F","SEX OFFENSE","New Commitment",37.14
"435",2012 Q2,"F","SEX OFFENSE","Technical Commitment",2.96
"436",2012 Q2,"F","WEAPONS","New Commitment",1
"437",2012 Q2,"M","OTHER","New Commitment",8.51
"438",2012 Q2,"M","ALCOHOL & DRUG","New Commitment",427.81
"439",2012 Q2,"M","ALCOHOL & DRUG","Technical Commitment",3
"440",2012 Q2,"M","ALCOHOL & DRUG","Technical Commitment",43.16
"441",2012 Q2,"M","DRIVING","New Commitment",229.81
"442",2012 Q2,"M","DRIVING","Technical Commitment",38.66
"443",2012 Q2,"M","DRUG POSSESSION ONLY","New Commitment",201.65
"444",2012 Q2,"M","DRUG POSSESSION ONLY","Technical Commitment",29.65
"445",2012 Q2,"M","MURDER","New Commitment",620.38
"446",2012 Q2,"M","MURDER","Technical Commitment",23.37
"447",2012 Q2,"M","MURDER","Technical Commitment",15.8
"448",2012 Q2,"M","OTHER","New Commitment",60.86
"449",2012 Q2,"M","OTHER","Technical Commitment",13.2
"450",2012 Q2,"M","PERSON","New Commitment",1042.33
"451",2012 Q2,"M","PERSON","Technical Commitment",8.41
"452",2012 Q2,"M","PERSON","Technical Commitment",90.37
"453",2012 Q2,"M","PROPERTY","New Commitment",1098.42
"454",2012 Q2,"M","PROPERTY","Technical Commitment",2
"455",2012 Q2,"M","PROPERTY","Technical Commitment",124.27
"456",2012 Q2,"M","SEX OFFENSE","New Commitment",8
"457",2012 Q2,"M","SEX OFFENSE","New Commitment",1916.8
"458",2012 Q2,"M","SEX OFFENSE","Technical Commitment",13.14
"459",2012 Q2,"M","SEX OFFENSE","Technical Commitment",163.51
"460",2012 Q2,"M","WEAPONS","New Commitment",60.56
"461",2012 Q2,"M","WEAPONS","Technical Commitment",14.44
"462",2012 Q3,"F","ALCOHOL & DRUG","New Commitment",79.64
"463",2012 Q3,"F","ALCOHOL & DRUG","Technical Commitment",14.88
"464",2012 Q3,"F","DRIVING","New Commitment",18.74
"465",2012 Q3,"F","DRIVING","Technical Commitment",4.35
"466",2012 Q3,"F","DRUG POSSESSION ONLY","New Commitment",60.39
"467",2012 Q3,"F","DRUG POSSESSION ONLY","Technical Commitment",12.86
"468",2012 Q3,"F","MURDER","New Commitment",38.8
"469",2012 Q3,"F","MURDER","Technical Commitment",1
"470",2012 Q3,"F","MURDER","Technical Commitment",4.05
"471",2012 Q3,"F","OTHER","New Commitment",12.24
"472",2012 Q3,"F","OTHER","Technical Commitment",1.03
"473",2012 Q3,"F","PERSON","New Commitment",103.17
"474",2012 Q3,"F","PERSON","Technical Commitment",7.96
"475",2012 Q3,"F","PROPERTY","New Commitment",194.49
"476",2012 Q3,"F","PROPERTY","Technical Commitment",1
"477",2012 Q3,"F","PROPERTY","Technical Commitment",26.08
"478",2012 Q3,"F","SEX OFFENSE","New Commitment",36.92
"479",2012 Q3,"F","SEX OFFENSE","Technical Commitment",2.42
"480",2012 Q3,"F","WEAPONS","New Commitment",1
"481",2012 Q3,"M","OTHER","New Commitment",8.53
"482",2012 Q3,"M","ALCOHOL & DRUG","New Commitment",422.97
"483",2012 Q3,"M","ALCOHOL & DRUG","Technical Commitment",3.22
"484",2012 Q3,"M","ALCOHOL & DRUG","Technical Commitment",47.5
"485",2012 Q3,"M","DRIVING","New Commitment",221.35
"486",2012 Q3,"M","DRIVING","Technical Commitment",43.5
"487",2012 Q3,"M","DRUG POSSESSION ONLY","New Commitment",205.07
"488",2012 Q3,"M","DRUG POSSESSION ONLY","Technical Commitment",26.04
"489",2012 Q3,"M","MURDER","New Commitment",620.91
"490",2012 Q3,"M","MURDER","Technical Commitment",23
"491",2012 Q3,"M","MURDER","Technical Commitment",14.97
"492",2012 Q3,"M","OTHER","New Commitment",62.64
"493",2012 Q3,"M","OTHER","Technical Commitment",10.29
"494",2012 Q3,"M","PERSON","New Commitment",1034.34
"495",2012 Q3,"M","PERSON","Technical Commitment",8
"496",2012 Q3,"M","PERSON","Technical Commitment",99.61
"497",2012 Q3,"M","PROPERTY","New Commitment",1089.08
"498",2012 Q3,"M","PROPERTY","Technical Commitment",2
"499",2012 Q3,"M","PROPERTY","Technical Commitment",124.54
"500",2012 Q3,"M","SEX OFFENSE","New Commitment",8.65
"501",2012 Q3,"M","SEX OFFENSE","New Commitment",1925.63
"502",2012 Q3,"M","SEX OFFENSE","Technical Commitment",12.78
"503",2012 Q3,"M","SEX OFFENSE","Technical Commitment",168
"504",2012 Q3,"M","WEAPONS","New Commitment",55.88
"505",2012 Q3,"M","WEAPONS","Technical Commitment",18.92
"506",2012 Q4,"F","ALCOHOL & DRUG","New Commitment",83.88
"507",2012 Q4,"F","ALCOHOL & DRUG","Technical Commitment",14.1
"508",2012 Q4,"F","DRIVING","New Commitment",23.98
"509",2012 Q4,"F","DRIVING","Technical Commitment",6.62
"510",2012 Q4,"F","DRUG POSSESSION ONLY","New Commitment",72.5
"511",2012 Q4,"F","DRUG POSSESSION ONLY","Technical Commitment",10.75
"512",2012 Q4,"F","MURDER","New Commitment",37.71
"513",2012 Q4,"F","MURDER","Technical Commitment",1
"514",2012 Q4,"F","MURDER","Technical Commitment",4.02
"515",2012 Q4,"F","OTHER","New Commitment",10.59
"516",2012 Q4,"F","OTHER","Technical Commitment",1
"517",2012 Q4,"F","PERSON","New Commitment",106.4
"518",2012 Q4,"F","PERSON","Technical Commitment",4.46
"519",2012 Q4,"F","PROPERTY","New Commitment",191.88
"520",2012 Q4,"F","PROPERTY","Technical Commitment",1
"521",2012 Q4,"F","PROPERTY","Technical Commitment",26.9
"522",2012 Q4,"F","SEX OFFENSE","New Commitment",37.9
"523",2012 Q4,"F","SEX OFFENSE","Technical Commitment",2.53
"524",2012 Q4,"F","WEAPONS","New Commitment",1.58
"525",2012 Q4,"M","OTHER","New Commitment",4.65
"526",2012 Q4,"M","ALCOHOL & DRUG","New Commitment",429.24
"527",2012 Q4,"M","ALCOHOL & DRUG","Technical Commitment",4
"528",2012 Q4,"M","ALCOHOL & DRUG","Technical Commitment",45.6
"529",2012 Q4,"M","DRIVING","New Commitment",218.36
"530",2012 Q4,"M","DRIVING","Technical Commitment",42.85
"531",2012 Q4,"M","DRUG POSSESSION ONLY","New Commitment",214.04
"532",2012 Q4,"M","DRUG POSSESSION ONLY","Technical Commitment",23.58
"533",2012 Q4,"M","MURDER","New Commitment",623.34
"534",2012 Q4,"M","MURDER","Technical Commitment",22.49
"535",2012 Q4,"M","MURDER","Technical Commitment",19.11
"536",2012 Q4,"M","OTHER","New Commitment",67.83
"537",2012 Q4,"M","OTHER","Technical Commitment",10.46
"538",2012 Q4,"M","PERSON","New Commitment",1038.71
"539",2012 Q4,"M","PERSON","Technical Commitment",8
"540",2012 Q4,"M","PERSON","Technical Commitment",111.25
"541",2012 Q4,"M","PROPERTY","New Commitment",1099.15
"542",2012 Q4,"M","PROPERTY","Technical Commitment",1.79
"543",2012 Q4,"M","PROPERTY","Technical Commitment",120.5
"544",2012 Q4,"M","SEX OFFENSE","New Commitment",9
"545",2012 Q4,"M","SEX OFFENSE","New Commitment",1931.86
"546",2012 Q4,"M","SEX OFFENSE","Technical Commitment",12.72
"547",2012 Q4,"M","SEX OFFENSE","Technical Commitment",185.57
"548",2012 Q4,"M","WEAPONS","New Commitment",58.59
"549",2012 Q4,"M","WEAPONS","Technical Commitment",16.84
"550",2013 Q1,"F","ALCOHOL & DRUG","New Commitment",91.01
"551",2013 Q1,"F","ALCOHOL & DRUG","Technical Commitment",9.14
"552",2013 Q1,"F","DRIVING","New Commitment",26.48
"553",2013 Q1,"F","DRIVING","Technical Commitment",1.81
"554",2013 Q1,"F","DRUG POSSESSION ONLY","New Commitment",77.96
"555",2013 Q1,"F","DRUG POSSESSION ONLY","Technical Commitment",10.66
"556",2013 Q1,"F","MURDER","New Commitment",36.32
"557",2013 Q1,"F","MURDER","Technical Commitment",1
"558",2013 Q1,"F","MURDER","Technical Commitment",3.69
"559",2013 Q1,"F","OTHER","New Commitment",8.59
"560",2013 Q1,"F","PERSON","New Commitment",105.31
"561",2013 Q1,"F","PERSON","Technical Commitment",8.04
"562",2013 Q1,"F","PROPERTY","New Commitment",193.46
"563",2013 Q1,"F","PROPERTY","Technical Commitment",1
"564",2013 Q1,"F","PROPERTY","Technical Commitment",34.27
"565",2013 Q1,"F","SEX OFFENSE","New Commitment",39.67
"566",2013 Q1,"F","SEX OFFENSE","Technical Commitment",1.64
"567",2013 Q1,"F","WEAPONS","New Commitment",2
"568",2013 Q1,"M","OTHER","New Commitment",3.97
"569",2013 Q1,"M","ALCOHOL & DRUG","New Commitment",432.54
"570",2013 Q1,"M","ALCOHOL & DRUG","Technical Commitment",3.63
"571",2013 Q1,"M","ALCOHOL & DRUG","Technical Commitment",40.52
"572",2013 Q1,"M","DRIVING","New Commitment",212.73
"573",2013 Q1,"M","DRIVING","Technical Commitment",1
"574",2013 Q1,"M","DRIVING","Technical Commitment",33.39
"575",2013 Q1,"M","DRUG POSSESSION ONLY","New Commitment",219.76
"576",2013 Q1,"M","DRUG POSSESSION ONLY","Technical Commitment",20.48
"577",2013 Q1,"M","MURDER","New Commitment",623.26
"578",2013 Q1,"M","MURDER","Technical Commitment",21.67
"579",2013 Q1,"M","MURDER","Technical Commitment",20.66
"580",2013 Q1,"M","OTHER","New Commitment",77.5
"581",2013 Q1,"M","OTHER","Technical Commitment",13.1
"582",2013 Q1,"M","PERSON","New Commitment",1039.49
"583",2013 Q1,"M","PERSON","Technical Commitment",8
"584",2013 Q1,"M","PERSON","Technical Commitment",114.21
"585",2013 Q1,"M","PROPERTY","New Commitment",1086.87
"586",2013 Q1,"M","PROPERTY","Technical Commitment",1
"587",2013 Q1,"M","PROPERTY","Technical Commitment",113.89
"588",2013 Q1,"M","SEX OFFENSE","New Commitment",9
"589",2013 Q1,"M","SEX OFFENSE","New Commitment",1933.33
"590",2013 Q1,"M","SEX OFFENSE","Technical Commitment",12
"591",2013 Q1,"M","SEX OFFENSE","Technical Commitment",189.5
"592",2013 Q1,"M","WEAPONS","New Commitment",55.94
"593",2013 Q1,"M","WEAPONS","Technical Commitment",15.3
"594",2013 Q2,"F","ALCOHOL & DRUG","New Commitment",100.08
"595",2013 Q2,"F","ALCOHOL & DRUG","Technical Commitment",15.76
"596",2013 Q2,"F","DRIVING","New Commitment",27.64
"597",2013 Q2,"F","DRIVING","Technical Commitment",1.56
"598",2013 Q2,"F","DRUG POSSESSION ONLY","New Commitment",78.75
"599",2013 Q2,"F","DRUG POSSESSION ONLY","Technical Commitment",9.11
"600",2013 Q2,"F","MURDER","New Commitment",36
"601",2013 Q2,"F","MURDER","Technical Commitment",1
"602",2013 Q2,"F","MURDER","Technical Commitment",5
"603",2013 Q2,"F","OTHER","New Commitment",8.6
"604",2013 Q2,"F","OTHER","Technical Commitment",1.74
"605",2013 Q2,"F","PERSON","New Commitment",109.99
"606",2013 Q2,"F","PERSON","Technical Commitment",10.7
"607",2013 Q2,"F","PROPERTY","New Commitment",200.56
"608",2013 Q2,"F","PROPERTY","Technical Commitment",1
"609",2013 Q2,"F","PROPERTY","Technical Commitment",34.7
"610",2013 Q2,"F","SEX OFFENSE","New Commitment",40.11
"611",2013 Q2,"F","SEX OFFENSE","Technical Commitment",1
"612",2013 Q2,"F","WEAPONS","New Commitment",2.67
"613",2013 Q2,"M","OTHER","New Commitment",3.12
"614",2013 Q2,"M","ALCOHOL & DRUG","New Commitment",431.77
"615",2013 Q2,"M","ALCOHOL & DRUG","Technical Commitment",2.43
"616",2013 Q2,"M","ALCOHOL & DRUG","Technical Commitment",38.55
"617",2013 Q2,"M","DRIVING","New Commitment",211.57
"618",2013 Q2,"M","DRIVING","Technical Commitment",1
"619",2013 Q2,"M","DRIVING","Technical Commitment",33.6
"620",2013 Q2,"M","DRUG POSSESSION ONLY","New Commitment",230.98
"621",2013 Q2,"M","DRUG POSSESSION ONLY","Technical Commitment",20.33
"622",2013 Q2,"M","MURDER","New Commitment",621.68
"623",2013 Q2,"M","MURDER","Technical Commitment",21.91
"624",2013 Q2,"M","MURDER","Technical Commitment",21.76
"625",2013 Q2,"M","OTHER","New Commitment",86.15
"626",2013 Q2,"M","OTHER","Technical Commitment",14.18
"627",2013 Q2,"M","PERSON","New Commitment",1052.75
"628",2013 Q2,"M","PERSON","Technical Commitment",8
"629",2013 Q2,"M","PERSON","Technical Commitment",115.73
"630",2013 Q2,"M","PROPERTY","New Commitment",1104.53
"631",2013 Q2,"M","PROPERTY","Technical Commitment",1.19
"632",2013 Q2,"M","PROPERTY","Technical Commitment",121.79
"633",2013 Q2,"M","SEX OFFENSE","New Commitment",9
"634",2013 Q2,"M","SEX OFFENSE","Technical Commitment",1
"635",2013 Q2,"M","SEX OFFENSE","New Commitment",1945.53
"636",2013 Q2,"M","SEX OFFENSE","Technical Commitment",12.29
"637",2013 Q2,"M","SEX OFFENSE","Technical Commitment",184.44
"638",2013 Q2,"M","WEAPONS","New Commitment",63.24
"639",2013 Q2,"M","WEAPONS","Technical Commitment",13.54
"640",2013 Q3,"F","ALCOHOL & DRUG","New Commitment",97.64
"641",2013 Q3,"F","ALCOHOL & DRUG","Technical Commitment",17.48
"642",2013 Q3,"F","DRIVING","New Commitment",24.7
"643",2013 Q3,"F","DRIVING","Technical Commitment",3.76
"644",2013 Q3,"F","DRUG POSSESSION ONLY","New Commitment",79.72
"645",2013 Q3,"F","DRUG POSSESSION ONLY","Technical Commitment",8.99
"646",2013 Q3,"F","MURDER","New Commitment",35.78
"647",2013 Q3,"F","MURDER","Technical Commitment",1
"648",2013 Q3,"F","MURDER","Technical Commitment",5
"649",2013 Q3,"F","OTHER","New Commitment",7.8
"650",2013 Q3,"F","OTHER","Technical Commitment",1.17
"651",2013 Q3,"F","PERSON","New Commitment",109.98
"652",2013 Q3,"F","PERSON","Technical Commitment",10.29
"653",2013 Q3,"F","PROPERTY","New Commitment",190.67
"654",2013 Q3,"F","PROPERTY","Technical Commitment",1
"655",2013 Q3,"F","PROPERTY","Technical Commitment",32.92
"656",2013 Q3,"F","SEX OFFENSE","New Commitment",41.67
"657",2013 Q3,"F","SEX OFFENSE","Technical Commitment",1
"658",2013 Q3,"F","WEAPONS","New Commitment",2
"659",2013 Q3,"M","OTHER","New Commitment",4
"660",2013 Q3,"M","OTHER","Technical Commitment",1
"661",2013 Q3,"M","ALCOHOL & DRUG","New Commitment",435.24
"662",2013 Q3,"M","ALCOHOL & DRUG","Technical Commitment",2
"663",2013 Q3,"M","ALCOHOL & DRUG","Technical Commitment",42.42
"664",2013 Q3,"M","DRIVING","New Commitment",213.15
"665",2013 Q3,"M","DRIVING","Technical Commitment",1
"666",2013 Q3,"M","DRIVING","Technical Commitment",40.21
"667",2013 Q3,"M","DRUG POSSESSION ONLY","New Commitment",243.89
"668",2013 Q3,"M","DRUG POSSESSION ONLY","Technical Commitment",21.82
"669",2013 Q3,"M","MURDER","New Commitment",625.14
"670",2013 Q3,"M","MURDER","Technical Commitment",22
"671",2013 Q3,"M","MURDER","Technical Commitment",22.32
"672",2013 Q3,"M","OTHER","New Commitment",84
"673",2013 Q3,"M","OTHER","Technical Commitment",11.72
"674",2013 Q3,"M","PERSON","New Commitment",1058.58
"675",2013 Q3,"M","PERSON","Technical Commitment",6.42
"676",2013 Q3,"M","PERSON","Technical Commitment",121.67
"677",2013 Q3,"M","PROPERTY","New Commitment",1118.64
"678",2013 Q3,"M","PROPERTY","Technical Commitment",2
"679",2013 Q3,"M","PROPERTY","Technical Commitment",137.26
"680",2013 Q3,"M","SEX OFFENSE","New Commitment",8.55
"681",2013 Q3,"M","SEX OFFENSE","Technical Commitment",1
"682",2013 Q3,"M","SEX OFFENSE","New Commitment",1963.08
"683",2013 Q3,"M","SEX OFFENSE","Technical Commitment",13
"684",2013 Q3,"M","SEX OFFENSE","Technical Commitment",179.11
"685",2013 Q3,"M","WEAPONS","New Commitment",69.83
"686",2013 Q3,"M","WEAPONS","Technical Commitment",12.25
"687",2013 Q4,"F","ALCOHOL & DRUG","New Commitment",94.74
"688",2013 Q4,"F","ALCOHOL & DRUG","Technical Commitment",14.47
"689",2013 Q4,"F","DRIVING","New Commitment",24.12
"690",2013 Q4,"F","DRIVING","Technical Commitment",3
"691",2013 Q4,"F","DRUG POSSESSION ONLY","New Commitment",77.61
"692",2013 Q4,"F","DRUG POSSESSION ONLY","Technical Commitment",13.3
"693",2013 Q4,"F","MURDER","New Commitment",36.36
"694",2013 Q4,"F","MURDER","Technical Commitment",1
"695",2013 Q4,"F","MURDER","Technical Commitment",5
"696",2013 Q4,"F","OTHER","New Commitment",8.7
"697",2013 Q4,"F","OTHER","Technical Commitment",1
"698",2013 Q4,"F","PERSON","New Commitment",113.02
"699",2013 Q4,"F","PERSON","Technical Commitment",8.72
"700",2013 Q4,"F","PROPERTY","New Commitment",194.26
"701",2013 Q4,"F","PROPERTY","Technical Commitment",1
"702",2013 Q4,"F","PROPERTY","Technical Commitment",34.49
"703",2013 Q4,"F","SEX OFFENSE","New Commitment",1
"704",2013 Q4,"F","SEX OFFENSE","New Commitment",44.54
"705",2013 Q4,"F","SEX OFFENSE","Technical Commitment",1
"706",2013 Q4,"F","WEAPONS","New Commitment",3.09
"707",2013 Q4,"M","OTHER","New Commitment",3.54
"708",2013 Q4,"M","OTHER","Technical Commitment",1
"709",2013 Q4,"M","ALCOHOL & DRUG","New Commitment",440.59
"710",2013 Q4,"M","ALCOHOL & DRUG","Technical Commitment",1.71
"711",2013 Q4,"M","ALCOHOL & DRUG","Technical Commitment",43.79
"712",2013 Q4,"M","DRIVING","New Commitment",202.62
"713",2013 Q4,"M","DRIVING","Technical Commitment",1
"714",2013 Q4,"M","DRIVING","Technical Commitment",40.5
"715",2013 Q4,"M","DRUG POSSESSION ONLY","New Commitment",258.07
"716",2013 Q4,"M","DRUG POSSESSION ONLY","Technical Commitment",24.29
"717",2013 Q4,"M","MURDER","New Commitment",624.21
"718",2013 Q4,"M","MURDER","Technical Commitment",23
"719",2013 Q4,"M","MURDER","Technical Commitment",19.32
"720",2013 Q4,"M","OTHER","New Commitment",75.22
"721",2013 Q4,"M","OTHER","Technical Commitment",9.33
"722",2013 Q4,"M","PERSON","New Commitment",1055.77
"723",2013 Q4,"M","PERSON","Technical Commitment",5.55
"724",2013 Q4,"M","PERSON","Technical Commitment",126.58
"725",2013 Q4,"M","PROPERTY","New Commitment",1117.41
"726",2013 Q4,"M","PROPERTY","Technical Commitment",1.85
"727",2013 Q4,"M","PROPERTY","Technical Commitment",133.36
"728",2013 Q4,"M","SEX OFFENSE","New Commitment",8
"729",2013 Q4,"M","SEX OFFENSE","Technical Commitment",1
"730",2013 Q4,"M","SEX OFFENSE","New Commitment",1968.76
"731",2013 Q4,"M","SEX OFFENSE","Technical Commitment",13
"732",2013 Q4,"M","SEX OFFENSE","Technical Commitment",184.14
"733",2013 Q4,"M","WEAPONS","New Commitment",69.5
"734",2013 Q4,"M","WEAPONS","Technical Commitment",11.01
"735",2014 Q1,"F","ALCOHOL & DRUG","New Commitment",93.07
"736",2014 Q1,"F","ALCOHOL & DRUG","Technical Commitment",15.5
"737",2014 Q1,"F","DRIVING","New Commitment",20.24
"738",2014 Q1,"F","DRIVING","Technical Commitment",3.34
"739",2014 Q1,"F","DRUG POSSESSION ONLY","New Commitment",69.33
"740",2014 Q1,"F","DRUG POSSESSION ONLY","Technical Commitment",16.36
"741",2014 Q1,"F","MURDER","New Commitment",38
"742",2014 Q1,"F","MURDER","Technical Commitment",1
"743",2014 Q1,"F","MURDER","Technical Commitment",4.77
"744",2014 Q1,"F","OTHER","New Commitment",11.99
"745",2014 Q1,"F","OTHER","Technical Commitment",1.08
"746",2014 Q1,"F","PERSON","New Commitment",109.54
"747",2014 Q1,"F","PERSON","Technical Commitment",6.42
"748",2014 Q1,"F","PROPERTY","New Commitment",180.39
"749",2014 Q1,"F","PROPERTY","Technical Commitment",26.78
"750",2014 Q1,"F","SEX OFFENSE","New Commitment",1
"751",2014 Q1,"F","SEX OFFENSE","New Commitment",45.87
"752",2014 Q1,"F","SEX OFFENSE","Technical Commitment",1
"753",2014 Q1,"F","WEAPONS","New Commitment",4.62
"754",2014 Q1,"M","OTHER","New Commitment",3.28
"755",2014 Q1,"M","OTHER","Technical Commitment",1
"756",2014 Q1,"M","ALCOHOL & DRUG","New Commitment",432.01
"757",2014 Q1,"M","ALCOHOL & DRUG","Technical Commitment",1
"758",2014 Q1,"M","ALCOHOL & DRUG","Technical Commitment",42.86
"759",2014 Q1,"M","DRIVING","New Commitment",194.99
"760",2014 Q1,"M","DRIVING","Technical Commitment",1
"761",2014 Q1,"M","DRIVING","Technical Commitment",30.2
"762",2014 Q1,"M","DRUG POSSESSION ONLY","New Commitment",247.12
"763",2014 Q1,"M","DRUG POSSESSION ONLY","Technical Commitment",29.16
"764",2014 Q1,"M","MURDER","New Commitment",627.56
"765",2014 Q1,"M","MURDER","Technical Commitment",23.71
"766",2014 Q1,"M","MURDER","Technical Commitment",19.73
"767",2014 Q1,"M","OTHER","New Commitment",68.56
"768",2014 Q1,"M","OTHER","Technical Commitment",10.59
"769",2014 Q1,"M","PERSON","New Commitment",1055.77
"770",2014 Q1,"M","PERSON","Technical Commitment",5
"771",2014 Q1,"M","PERSON","Technical Commitment",125.98
"772",2014 Q1,"M","PROPERTY","New Commitment",1077.97
"773",2014 Q1,"M","PROPERTY","Technical Commitment",1
"774",2014 Q1,"M","PROPERTY","Technical Commitment",134.53
"775",2014 Q1,"M","SEX OFFENSE","New Commitment",8.59
"776",2014 Q1,"M","SEX OFFENSE","Technical Commitment",1
"777",2014 Q1,"M","SEX OFFENSE","New Commitment",1961.5
"778",2014 Q1,"M","SEX OFFENSE","Technical Commitment",13
"779",2014 Q1,"M","SEX OFFENSE","Technical Commitment",189.89
"780",2014 Q1,"M","WEAPONS","New Commitment",69.13
"781",2014 Q1,"M","WEAPONS","Technical Commitment",11.54
"782",2014 Q2,"F","ALCOHOL & DRUG","New Commitment",93.52
"783",2014 Q2,"F","ALCOHOL & DRUG","Technical Commitment",16.6
"784",2014 Q2,"F","DRIVING","New Commitment",20.55
"785",2014 Q2,"F","DRIVING","Technical Commitment",3.08
"786",2014 Q2,"F","DRUG POSSESSION ONLY","New Commitment",59.41
"787",2014 Q2,"F","DRUG POSSESSION ONLY","Technical Commitment",15.09
"788",2014 Q2,"F","MURDER","New Commitment",39.35
"789",2014 Q2,"F","MURDER","Technical Commitment",1
"790",2014 Q2,"F","MURDER","Technical Commitment",4.74
"791",2014 Q2,"F","OTHER","New Commitment",14.44
"792",2014 Q2,"F","OTHER","Technical Commitment",1
"793",2014 Q2,"F","PERSON","New Commitment",106.56
"794",2014 Q2,"F","PERSON","Technical Commitment",6.37
"795",2014 Q2,"F","PROPERTY","New Commitment",164.65
"796",2014 Q2,"F","PROPERTY","Technical Commitment",39.71
"797",2014 Q2,"F","SEX OFFENSE","New Commitment",1
"798",2014 Q2,"F","SEX OFFENSE","New Commitment",47.64
"799",2014 Q2,"F","SEX OFFENSE","Technical Commitment",1
"800",2014 Q2,"F","WEAPONS","New Commitment",3.63
"801",2014 Q2,"M","OTHER","New Commitment",4.86
"802",2014 Q2,"M","OTHER","Technical Commitment",1
"803",2014 Q2,"M","ALCOHOL & DRUG","New Commitment",417.76
"804",2014 Q2,"M","ALCOHOL & DRUG","Technical Commitment",1
"805",2014 Q2,"M","ALCOHOL & DRUG","Technical Commitment",46.96
"806",2014 Q2,"M","DRIVING","New Commitment",201.35
"807",2014 Q2,"M","DRIVING","Technical Commitment",1.01
"808",2014 Q2,"M","DRIVING","Technical Commitment",29.82
"809",2014 Q2,"M","DRUG POSSESSION ONLY","New Commitment",242
"810",2014 Q2,"M","DRUG POSSESSION ONLY","Technical Commitment",35.84
"811",2014 Q2,"M","MURDER","New Commitment",635
"812",2014 Q2,"M","MURDER","Technical Commitment",22.64
"813",2014 Q2,"M","MURDER","Technical Commitment",23.01
"814",2014 Q2,"M","OTHER","New Commitment",69.02
"815",2014 Q2,"M","OTHER","Technical Commitment",9.76
"816",2014 Q2,"M","PERSON","New Commitment",1039.69
"817",2014 Q2,"M","PERSON","Technical Commitment",5
"818",2014 Q2,"M","PERSON","Technical Commitment",129.35
"819",2014 Q2,"M","PROPERTY","New Commitment",1063.08
"820",2014 Q2,"M","PROPERTY","Technical Commitment",145.84
"821",2014 Q2,"M","SEX OFFENSE","New Commitment",9.54
"822",2014 Q2,"M","SEX OFFENSE","Technical Commitment",1
"823",2014 Q2,"M","SEX OFFENSE","New Commitment",1966.58
"824",2014 Q2,"M","SEX OFFENSE","Technical Commitment",14
"825",2014 Q2,"M","SEX OFFENSE","Technical Commitment",187.85
"826",2014 Q2,"M","WEAPONS","New Commitment",76.69
"827",2014 Q2,"M","WEAPONS","Technical Commitment",12.65
"828",2014 Q3,"F","ALCOHOL & DRUG","New Commitment",88.08
"829",2014 Q3,"F","ALCOHOL & DRUG","Technical Commitment",10.58
"830",2014 Q3,"F","DRIVING","New Commitment",21.57
"831",2014 Q3,"F","DRIVING","Technical Commitment",5.15
"832",2014 Q3,"F","DRUG POSSESSION ONLY","New Commitment",55.82
"833",2014 Q3,"F","DRUG POSSESSION ONLY","Technical Commitment",18.16
"834",2014 Q3,"F","MURDER","New Commitment",41.57
"835",2014 Q3,"F","MURDER","Technical Commitment",1
"836",2014 Q3,"F","MURDER","Technical Commitment",4.51
"837",2014 Q3,"F","OTHER","New Commitment",17.38
"838",2014 Q3,"F","OTHER","Technical Commitment",1
"839",2014 Q3,"F","PERSON","New Commitment",104.15
"840",2014 Q3,"F","PERSON","Technical Commitment",6.89
"841",2014 Q3,"F","PROPERTY","New Commitment",158.73
"842",2014 Q3,"F","PROPERTY","Technical Commitment",43.12
"843",2014 Q3,"F","SEX OFFENSE","New Commitment",1
"844",2014 Q3,"F","SEX OFFENSE","New Commitment",50.05
"845",2014 Q3,"F","SEX OFFENSE","Technical Commitment",2.88
"846",2014 Q3,"F","WEAPONS","New Commitment",3.22
"847",2014 Q3,"M","OTHER","New Commitment",5.47
"848",2014 Q3,"M","OTHER","Technical Commitment",1
"849",2014 Q3,"M","ALCOHOL & DRUG","New Commitment",423.97
"850",2014 Q3,"M","ALCOHOL & DRUG","Technical Commitment",1
"851",2014 Q3,"M","ALCOHOL & DRUG","Technical Commitment",44.84
"852",2014 Q3,"M","DRIVING","New Commitment",195.83
"853",2014 Q3,"M","DRIVING","Technical Commitment",1
"854",2014 Q3,"M","DRIVING","Technical Commitment",36
"855",2014 Q3,"M","DRUG POSSESSION ONLY","New Commitment",233.99
"856",2014 Q3,"M","DRUG POSSESSION ONLY","Technical Commitment",32.29
"857",2014 Q3,"M","MURDER","New Commitment",632.1
"858",2014 Q3,"M","MURDER","Technical Commitment",22.77
"859",2014 Q3,"M","MURDER","Technical Commitment",21.8
"860",2014 Q3,"M","OTHER","New Commitment",66.16
"861",2014 Q3,"M","OTHER","Technical Commitment",13.79
"862",2014 Q3,"M","PERSON","New Commitment",1032.33
"863",2014 Q3,"M","PERSON","Technical Commitment",5.25
"864",2014 Q3,"M","PERSON","Technical Commitment",125.82
"865",2014 Q3,"M","PROPERTY","New Commitment",1073
"866",2014 Q3,"M","PROPERTY","Technical Commitment",1
"867",2014 Q3,"M","PROPERTY","Technical Commitment",146.75
"868",2014 Q3,"M","SEX OFFENSE","New Commitment",10
"869",2014 Q3,"M","SEX OFFENSE","Technical Commitment",1
"870",2014 Q3,"M","SEX OFFENSE","New Commitment",1965.02
"871",2014 Q3,"M","SEX OFFENSE","Technical Commitment",13.39
"872",2014 Q3,"M","SEX OFFENSE","Technical Commitment",184.65
"873",2014 Q3,"M","WEAPONS","New Commitment",72.45
"874",2014 Q3,"M","WEAPONS","Technical Commitment",10.05
"875",2014 Q4,"F","ALCOHOL & DRUG","New Commitment",94.17
"876",2014 Q4,"F","ALCOHOL & DRUG","Technical Commitment",10.99
"877",2014 Q4,"F","DRIVING","New Commitment",24.34
"878",2014 Q4,"F","DRIVING","Technical Commitment",7.43
"879",2014 Q4,"F","DRUG POSSESSION ONLY","New Commitment",49.45
"880",2014 Q4,"F","DRUG POSSESSION ONLY","Technical Commitment",16.83
"881",2014 Q4,"F","MURDER","New Commitment",43.49
"882",2014 Q4,"F","MURDER","Technical Commitment",1
"883",2014 Q4,"F","MURDER","Technical Commitment",4.38
"884",2014 Q4,"F","OTHER","New Commitment",18.67
"885",2014 Q4,"F","OTHER","Technical Commitment",1
"886",2014 Q4,"F","PERSON","New Commitment",105.64
"887",2014 Q4,"F","PERSON","Technical Commitment",7.53
"888",2014 Q4,"F","PROPERTY","New Commitment",163.92
"889",2014 Q4,"F","PROPERTY","Technical Commitment",1
"890",2014 Q4,"F","PROPERTY","Technical Commitment",38.76
"891",2014 Q4,"F","SEX OFFENSE","New Commitment",1
"892",2014 Q4,"F","SEX OFFENSE","New Commitment",48.32
"893",2014 Q4,"F","SEX OFFENSE","Technical Commitment",4
"894",2014 Q4,"F","WEAPONS","New Commitment",5.71
"895",2014 Q4,"F","WEAPONS","Technical Commitment",1
"896",2014 Q4,"M","OTHER","New Commitment",6
"897",2014 Q4,"M","OTHER","Technical Commitment",1
"898",2014 Q4,"M","ALCOHOL & DRUG","New Commitment",428.88
"899",2014 Q4,"M","ALCOHOL & DRUG","Technical Commitment",1
"900",2014 Q4,"M","ALCOHOL & DRUG","Technical Commitment",44.04
"901",2014 Q4,"M","DRIVING","New Commitment",202.52
"902",2014 Q4,"M","DRIVING","Technical Commitment",1
"903",2014 Q4,"M","DRIVING","Technical Commitment",37.12
"904",2014 Q4,"M","DRUG POSSESSION ONLY","New Commitment",232.87
"905",2014 Q4,"M","DRUG POSSESSION ONLY","Technical Commitment",1
"906",2014 Q4,"M","DRUG POSSESSION ONLY","Technical Commitment",28.22
"907",2014 Q4,"M","MURDER","New Commitment",637.8
"908",2014 Q4,"M","MURDER","Technical Commitment",23.79
"909",2014 Q4,"M","MURDER","Technical Commitment",22.58
"910",2014 Q4,"M","OTHER","New Commitment",70.12
"911",2014 Q4,"M","OTHER","Technical Commitment",15.35
"912",2014 Q4,"M","PERSON","New Commitment",1029.67
"913",2014 Q4,"M","PERSON","Technical Commitment",6
"914",2014 Q4,"M","PERSON","Technical Commitment",121.97
"915",2014 Q4,"M","PROPERTY","New Commitment",1066.83
"916",2014 Q4,"M","PROPERTY","Technical Commitment",130.78
"917",2014 Q4,"M","SEX OFFENSE","New Commitment",11.32
"918",2014 Q4,"M","SEX OFFENSE","Technical Commitment",1
"919",2014 Q4,"M","SEX OFFENSE","New Commitment",1964.99
"920",2014 Q4,"M","SEX OFFENSE","Technical Commitment",12.75
"921",2014 Q4,"M","SEX OFFENSE","Technical Commitment",181.89
"922",2014 Q4,"M","WEAPONS","New Commitment",70.13
"923",2014 Q4,"M","WEAPONS","Technical Commitment",10.98
"924",2015 Q1,"F","ALCOHOL & DRUG","New Commitment",86.4
"925",2015 Q1,"F","ALCOHOL & DRUG","Technical Commitment",11.21
"926",2015 Q1,"F","DRIVING","New Commitment",23.28
"927",2015 Q1,"F","DRIVING","Technical Commitment",4.44
"928",2015 Q1,"F","DRUG POSSESSION ONLY","New Commitment",45.14
"929",2015 Q1,"F","DRUG POSSESSION ONLY","Technical Commitment",14.77
"930",2015 Q1,"F","MURDER","New Commitment",44.98
"931",2015 Q1,"F","MURDER","Technical Commitment",1
"932",2015 Q1,"F","MURDER","Technical Commitment",4
"933",2015 Q1,"F","OTHER","New Commitment",17.2
"934",2015 Q1,"F","OTHER","Technical Commitment",1.94
"935",2015 Q1,"F","PERSON","New Commitment",99.17
"936",2015 Q1,"F","PERSON","Technical Commitment",9.37
"937",2015 Q1,"F","PROPERTY","New Commitment",171.53
"938",2015 Q1,"F","PROPERTY","Technical Commitment",1
"939",2015 Q1,"F","PROPERTY","Technical Commitment",35.47
"940",2015 Q1,"F","SEX OFFENSE","New Commitment",46.77
"941",2015 Q1,"F","SEX OFFENSE","Technical Commitment",2.54
"942",2015 Q1,"F","WEAPONS","New Commitment",5.61
"943",2015 Q1,"F","WEAPONS","Technical Commitment",1
"944",2015 Q1,"M","OTHER","New Commitment",6.22
"945",2015 Q1,"M","OTHER","Technical Commitment",1
"946",2015 Q1,"M","ALCOHOL & DRUG","New Commitment",416.52
"947",2015 Q1,"M","ALCOHOL & DRUG","Technical Commitment",1.89
"948",2015 Q1,"M","ALCOHOL & DRUG","Technical Commitment",48.97
"949",2015 Q1,"M","DRIVING","New Commitment",191.79
"950",2015 Q1,"M","DRIVING","Technical Commitment",28.26
"951",2015 Q1,"M","DRUG POSSESSION ONLY","New Commitment",208.03
"952",2015 Q1,"M","DRUG POSSESSION ONLY","Technical Commitment",1
"953",2015 Q1,"M","DRUG POSSESSION ONLY","Technical Commitment",32.43
"954",2015 Q1,"M","MURDER","New Commitment",641.19
"955",2015 Q1,"M","MURDER","Technical Commitment",23.88
"956",2015 Q1,"M","MURDER","Technical Commitment",20.33
"957",2015 Q1,"M","OTHER","New Commitment",76.7
"958",2015 Q1,"M","OTHER","Technical Commitment",14.13
"959",2015 Q1,"M","PERSON","New Commitment",1019.79
"960",2015 Q1,"M","PERSON","Technical Commitment",5.3
"961",2015 Q1,"M","PERSON","Technical Commitment",110.37
"962",2015 Q1,"M","PROPERTY","New Commitment",1031.36
"963",2015 Q1,"M","PROPERTY","Technical Commitment",1
"964",2015 Q1,"M","PROPERTY","Technical Commitment",122.02
"965",2015 Q1,"M","SEX OFFENSE","New Commitment",12.2
"966",2015 Q1,"M","SEX OFFENSE","Technical Commitment",1
"967",2015 Q1,"M","SEX OFFENSE","New Commitment",1966.87
"968",2015 Q1,"M","SEX OFFENSE","Technical Commitment",12
"969",2015 Q1,"M","SEX OFFENSE","Technical Commitment",173.21
"970",2015 Q1,"M","WEAPONS","New Commitment",62.44
"971",2015 Q1,"M","WEAPONS","Technical Commitment",8.94
"972",2015 Q2,"F","ALCOHOL & DRUG","New Commitment",80.27
"973",2015 Q2,"F","ALCOHOL & DRUG","Technical Commitment",10.21
"974",2015 Q2,"F","DRIVING","New Commitment",17.03
"975",2015 Q2,"F","DRIVING","Technical Commitment",3.47
"976",2015 Q2,"F","DRUG POSSESSION ONLY","New Commitment",43.07
"977",2015 Q2,"F","DRUG POSSESSION ONLY","Technical Commitment",13.74
"978",2015 Q2,"F","MURDER","New Commitment",46.37
"979",2015 Q2,"F","MURDER","Technical Commitment",1
"980",2015 Q2,"F","MURDER","Technical Commitment",4
"981",2015 Q2,"F","OTHER","New Commitment",16.11
"982",2015 Q2,"F","OTHER","Technical Commitment",1.84
"983",2015 Q2,"F","PERSON","New Commitment",91.14
"984",2015 Q2,"F","PERSON","Technical Commitment",8.15
"985",2015 Q2,"F","PROPERTY","New Commitment",155.56
"986",2015 Q2,"F","PROPERTY","Technical Commitment",1
"987",2015 Q2,"F","PROPERTY","Technical Commitment",34.11
"988",2015 Q2,"F","SEX OFFENSE","New Commitment",47.48
"989",2015 Q2,"F","SEX OFFENSE","Technical Commitment",2
"990",2015 Q2,"F","WEAPONS","New Commitment",4.52
"991",2015 Q2,"F","WEAPONS","Technical Commitment",1
"992",2015 Q2,"M","OTHER","New Commitment",4.84
"993",2015 Q2,"M","OTHER","Technical Commitment",1
"994",2015 Q2,"M","ALCOHOL & DRUG","New Commitment",422.95
"995",2015 Q2,"M","ALCOHOL & DRUG","Technical Commitment",2
"996",2015 Q2,"M","ALCOHOL & DRUG","Technical Commitment",47.21
"997",2015 Q2,"M","DRIVING","New Commitment",175.56
"998",2015 Q2,"M","DRIVING","Technical Commitment",29.11
"999",2015 Q2,"M","DRUG POSSESSION ONLY","New Commitment",191.56
"1000",2015 Q2,"M","DRUG POSSESSION ONLY","Technical Commitment",1
"1001",2015 Q2,"M","DRUG POSSESSION ONLY","Technical Commitment",31.24
"1002",2015 Q2,"M","MURDER","New Commitment",651.47
"1003",2015 Q2,"M","MURDER","Technical Commitment",24
"1004",2015 Q2,"M","MURDER","Technical Commitment",19.19
"1005",2015 Q2,"M","OTHER","New Commitment",82.87
"1006",2015 Q2,"M","OTHER","Technical Commitment",11.8
"1007",2015 Q2,"M","PERSON","New Commitment",1015.7
"1008",2015 Q2,"M","PERSON","Technical Commitment",5
"1009",2015 Q2,"M","PERSON","Technical Commitment",112.58
"1010",2015 Q2,"M","PROPERTY","New Commitment",1016.21
"1011",2015 Q2,"M","PROPERTY","Technical Commitment",1
"1012",2015 Q2,"M","PROPERTY","Technical Commitment",120.96
"1013",2015 Q2,"M","SEX OFFENSE","New Commitment",13
"1014",2015 Q2,"M","SEX OFFENSE","Technical Commitment",1
"1015",2015 Q2,"M","SEX OFFENSE","Technical Commitment",1
"1016",2015 Q2,"M","SEX OFFENSE","New Commitment",1960.22
"1017",2015 Q2,"M","SEX OFFENSE","Technical Commitment",12
"1018",2015 Q2,"M","SEX OFFENSE","Technical Commitment",174.74
"1019",2015 Q2,"M","WEAPONS","New Commitment",60.98
"1020",2015 Q2,"M","WEAPONS","Technical Commitment",6.49
"1021",2015 Q3,"F","ALCOHOL & DRUG","New Commitment",78.48
"1022",2015 Q3,"F","ALCOHOL & DRUG","Technical Commitment",7.57
"1023",2015 Q3,"F","DRIVING","New Commitment",14.58
"1024",2015 Q3,"F","DRIVING","Technical Commitment",3.14
"1025",2015 Q3,"F","DRUG POSSESSION ONLY","New Commitment",43.05
"1026",2015 Q3,"F","DRUG POSSESSION ONLY","Technical Commitment",11.5
"1027",2015 Q3,"F","MURDER","New Commitment",48.55
"1028",2015 Q3,"F","MURDER","Technical Commitment",1
"1029",2015 Q3,"F","MURDER","Technical Commitment",4.61
"1030",2015 Q3,"F","OTHER","New Commitment",15
"1031",2015 Q3,"F","OTHER","Technical Commitment",4.14
"1032",2015 Q3,"F","PERSON","New Commitment",87.39
"1033",2015 Q3,"F","PERSON","Technical Commitment",9.88
"1034",2015 Q3,"F","PROPERTY","New Commitment",149.9
"1035",2015 Q3,"F","PROPERTY","Technical Commitment",1
"1036",2015 Q3,"F","PROPERTY","Technical Commitment",32.9
"1037",2015 Q3,"F","SEX OFFENSE","New Commitment",46.66
"1038",2015 Q3,"F","SEX OFFENSE","Technical Commitment",2
"1039",2015 Q3,"F","WEAPONS","New Commitment",2.08
"1040",2015 Q3,"F","WEAPONS","Technical Commitment",1
"1041",2015 Q3,"M","OTHER","New Commitment",4.37
"1042",2015 Q3,"M","OTHER","Technical Commitment",1
"1043",2015 Q3,"M","ALCOHOL & DRUG","New Commitment",414.01
"1044",2015 Q3,"M","ALCOHOL & DRUG","Technical Commitment",2
"1045",2015 Q3,"M","ALCOHOL & DRUG","Technical Commitment",56.53
"1046",2015 Q3,"M","DRIVING","New Commitment",162.35
"1047",2015 Q3,"M","DRIVING","Technical Commitment",29.89
"1048",2015 Q3,"M","DRUG POSSESSION ONLY","New Commitment",184.24
"1049",2015 Q3,"M","DRUG POSSESSION ONLY","Technical Commitment",1
"1050",2015 Q3,"M","DRUG POSSESSION ONLY","Technical Commitment",33.58
"1051",2015 Q3,"M","MURDER","New Commitment",657.6
"1052",2015 Q3,"M","MURDER","Technical Commitment",24
"1053",2015 Q3,"M","MURDER","Technical Commitment",19.86
"1054",2015 Q3,"M","OTHER","New Commitment",80.46
"1055",2015 Q3,"M","OTHER","Technical Commitment",12.14
"1056",2015 Q3,"M","PERSON","New Commitment",1012.88
"1057",2015 Q3,"M","PERSON","Technical Commitment",5
"1058",2015 Q3,"M","PERSON","Technical Commitment",128.76
"1059",2015 Q3,"M","PROPERTY","New Commitment",980.23
"1060",2015 Q3,"M","PROPERTY","Technical Commitment",1
"1061",2015 Q3,"M","PROPERTY","Technical Commitment",125.1
"1062",2015 Q3,"M","SEX OFFENSE","New Commitment",12.52
"1063",2015 Q3,"M","SEX OFFENSE","Technical Commitment",1
"1064",2015 Q3,"M","SEX OFFENSE","Technical Commitment",1
"1065",2015 Q3,"M","SEX OFFENSE","New Commitment",1941.73
"1066",2015 Q3,"M","SEX OFFENSE","Technical Commitment",13
"1067",2015 Q3,"M","SEX OFFENSE","Technical Commitment",181
"1068",2015 Q3,"M","WEAPONS","New Commitment",61.99
"1069",2015 Q3,"M","WEAPONS","Technical Commitment",7.87
"1070",2015 Q4,"F","ALCOHOL & DRUG","New Commitment",71.74
"1071",2015 Q4,"F","ALCOHOL & DRUG","Technical Commitment",8.15
"1072",2015 Q4,"F","DRIVING","New Commitment",13.85
"1073",2015 Q4,"F","DRIVING","Technical Commitment",2.08
"1074",2015 Q4,"F","DRUG POSSESSION ONLY","New Commitment",41.39
"1075",2015 Q4,"F","DRUG POSSESSION ONLY","Technical Commitment",8.87
"1076",2015 Q4,"F","MURDER","New Commitment",47.04
"1077",2015 Q4,"F","MURDER","Technical Commitment",1
"1078",2015 Q4,"F","MURDER","Technical Commitment",5
"1079",2015 Q4,"F","OTHER","New Commitment",14.49
"1080",2015 Q4,"F","OTHER","Technical Commitment",2.35
"1081",2015 Q4,"F","PERSON","New Commitment",84.63
"1082",2015 Q4,"F","PERSON","Technical Commitment",11.05
"1083",2015 Q4,"F","PROPERTY","New Commitment",144.89
"1084",2015 Q4,"F","PROPERTY","Technical Commitment",1
"1085",2015 Q4,"F","PROPERTY","Technical Commitment",23.72
"1086",2015 Q4,"F","SEX OFFENSE","New Commitment",46.51
"1087",2015 Q4,"F","SEX OFFENSE","Technical Commitment",1.48
"1088",2015 Q4,"F","WEAPONS","New Commitment",2
"1089",2015 Q4,"F","WEAPONS","Technical Commitment",1
"1090",2015 Q4,"M","OTHER","New Commitment",4.29
"1091",2015 Q4,"M","OTHER","Technical Commitment",1
"1092",2015 Q4,"M","ALCOHOL & DRUG","New Commitment",390.84
"1093",2015 Q4,"M","ALCOHOL & DRUG","Technical Commitment",2
"1094",2015 Q4,"M","ALCOHOL & DRUG","Technical Commitment",53.82
"1095",2015 Q4,"M","DRIVING","New Commitment",154.09
"1096",2015 Q4,"M","DRIVING","Technical Commitment",28.83
"1097",2015 Q4,"M","DRUG POSSESSION ONLY","New Commitment",177.34
"1098",2015 Q4,"M","DRUG POSSESSION ONLY","Technical Commitment",1
"1099",2015 Q4,"M","DRUG POSSESSION ONLY","Technical Commitment",27.71
"1100",2015 Q4,"M","MURDER","New Commitment",660.55
"1101",2015 Q4,"M","MURDER","Technical Commitment",24
"1102",2015 Q4,"M","MURDER","Technical Commitment",18.46
"1103",2015 Q4,"M","OTHER","New Commitment",72.88
"1104",2015 Q4,"M","OTHER","Technical Commitment",9.46
"1105",2015 Q4,"M","PERSON","New Commitment",1002.16
"1106",2015 Q4,"M","PERSON","Technical Commitment",4.38
"1107",2015 Q4,"M","PERSON","Technical Commitment",129.66
"1108",2015 Q4,"M","PROPERTY","New Commitment",951.13
"1109",2015 Q4,"M","PROPERTY","Technical Commitment",1
"1110",2015 Q4,"M","PROPERTY","Technical Commitment",127.77
"1111",2015 Q4,"M","SEX OFFENSE","New Commitment",13.71
"1112",2015 Q4,"M","SEX OFFENSE","Technical Commitment",1
"1113",2015 Q4,"M","SEX OFFENSE","Technical Commitment",1
"1114",2015 Q4,"M","SEX OFFENSE","New Commitment",1924.62
"1115",2015 Q4,"M","SEX OFFENSE","Technical Commitment",13.25
"1116",2015 Q4,"M","SEX OFFENSE","Technical Commitment",181.23
"1117",2015 Q4,"M","WEAPONS","New Commitment",62.86
"1118",2015 Q4,"M","WEAPONS","Technical Commitment",10.22
"1119",2016 Q1,"F","ALCOHOL & DRUG","New Commitment",66.58
"1120",2016 Q1,"F","ALCOHOL & DRUG","Technical Commitment",1
"1121",2016 Q1,"F","ALCOHOL & DRUG","Technical Commitment",9.73
"1122",2016 Q1,"F","DRIVING","New Commitment",10.78
"1123",2016 Q1,"F","DRIVING","Technical Commitment",1.21
"1124",2016 Q1,"F","DRUG POSSESSION ONLY","New Commitment",38.01
"1125",2016 Q1,"F","DRUG POSSESSION ONLY","Technical Commitment",9.29
"1126",2016 Q1,"F","MURDER","New Commitment",47.82
"1127",2016 Q1,"F","MURDER","Technical Commitment",1
"1128",2016 Q1,"F","MURDER","Technical Commitment",4.44
"1129",2016 Q1,"F","OTHER","New Commitment",13.31
"1130",2016 Q1,"F","OTHER","Technical Commitment",1.59
"1131",2016 Q1,"F","PERSON","New Commitment",81.68
"1132",2016 Q1,"F","PERSON","Technical Commitment",5.02
"1133",2016 Q1,"F","PROPERTY","New Commitment",133.56
"1134",2016 Q1,"F","PROPERTY","Technical Commitment",1
"1135",2016 Q1,"F","PROPERTY","Technical Commitment",20.63
"1136",2016 Q1,"F","SEX OFFENSE","New Commitment",46
"1137",2016 Q1,"F","SEX OFFENSE","Technical Commitment",1.44
"1138",2016 Q1,"F","WEAPONS","New Commitment",1.7
"1139",2016 Q1,"F","WEAPONS","Technical Commitment",1.07
"1140",2016 Q1,"M","OTHER","New Commitment",3
"1141",2016 Q1,"M","ALCOHOL & DRUG","New Commitment",365.56
"1142",2016 Q1,"M","ALCOHOL & DRUG","Technical Commitment",2
"1143",2016 Q1,"M","ALCOHOL & DRUG","Technical Commitment",62.58
"1144",2016 Q1,"M","DRIVING","New Commitment",140.98
"1145",2016 Q1,"M","DRIVING","Technical Commitment",28.09
"1146",2016 Q1,"M","DRUG POSSESSION ONLY","New Commitment",142.95
"1147",2016 Q1,"M","DRUG POSSESSION ONLY","Technical Commitment",26.55
"1148",2016 Q1,"M","MURDER","New Commitment",663.01
"1149",2016 Q1,"M","MURDER","Technical Commitment",24.38
"1150",2016 Q1,"M","MURDER","Technical Commitment",20.95
"1151",2016 Q1,"M","OTHER","New Commitment",70.02
"1152",2016 Q1,"M","OTHER","Technical Commitment",8.3
"1153",2016 Q1,"M","PERSON","New Commitment",996.55
"1154",2016 Q1,"M","PERSON","Technical Commitment",4.84
"1155",2016 Q1,"M","PERSON","Technical Commitment",135.15
"1156",2016 Q1,"M","PROPERTY","New Commitment",892.57
"1157",2016 Q1,"M","PROPERTY","Technical Commitment",1
"1158",2016 Q1,"M","PROPERTY","Technical Commitment",135.59
"1159",2016 Q1,"M","SEX OFFENSE","New Commitment",15.75
"1160",2016 Q1,"M","SEX OFFENSE","Technical Commitment",1
"1161",2016 Q1,"M","SEX OFFENSE","Technical Commitment",1
"1162",2016 Q1,"M","SEX OFFENSE","New Commitment",1927.42
"1163",2016 Q1,"M","SEX OFFENSE","Technical Commitment",13
"1164",2016 Q1,"M","SEX OFFENSE","Technical Commitment",172.02
"1165",2016 Q1,"M","WEAPONS","New Commitment",64.98
"1166",2016 Q1,"M","WEAPONS","Technical Commitment",9.75
"1167",2016 Q2,"F","ALCOHOL & DRUG","New Commitment",65.81
"1168",2016 Q2,"F","ALCOHOL & DRUG","Technical Commitment",8.63
"1169",2016 Q2,"F","DRIVING","New Commitment",8.08
"1170",2016 Q2,"F","DRIVING","Technical Commitment",1
"1171",2016 Q2,"F","DRUG POSSESSION ONLY","New Commitment",31.2
"1172",2016 Q2,"F","DRUG POSSESSION ONLY","Technical Commitment",6.89
"1173",2016 Q2,"F","MURDER","New Commitment",46.36
"1174",2016 Q2,"F","MURDER","Technical Commitment",1
"1175",2016 Q2,"F","MURDER","Technical Commitment",4
"1176",2016 Q2,"F","OTHER","New Commitment",12.78
"1177",2016 Q2,"F","OTHER","Technical Commitment",1.43
"1178",2016 Q2,"F","PERSON","New Commitment",85.51
"1179",2016 Q2,"F","PERSON","Technical Commitment",7.08
"1180",2016 Q2,"F","PROPERTY","New Commitment",123.84
"1181",2016 Q2,"F","PROPERTY","Technical Commitment",1
"1182",2016 Q2,"F","PROPERTY","Technical Commitment",21.88
"1183",2016 Q2,"F","SEX OFFENSE","New Commitment",45.11
"1184",2016 Q2,"F","SEX OFFENSE","Technical Commitment",1
"1185",2016 Q2,"F","WEAPONS","Technical Commitment",1
"1186",2016 Q2,"M","OTHER","New Commitment",3
"1187",2016 Q2,"M","ALCOHOL & DRUG","New Commitment",361.88
"1188",2016 Q2,"M","ALCOHOL & DRUG","Technical Commitment",1.59
"1189",2016 Q2,"M","ALCOHOL & DRUG","Technical Commitment",54.23
"1190",2016 Q2,"M","DRIVING","New Commitment",134.71
"1191",2016 Q2,"M","DRIVING","Technical Commitment",29.65
"1192",2016 Q2,"M","DRUG POSSESSION ONLY","New Commitment",126.67
"1193",2016 Q2,"M","DRUG POSSESSION ONLY","Technical Commitment",23.93
"1194",2016 Q2,"M","MURDER","New Commitment",659.64
"1195",2016 Q2,"M","MURDER","Technical Commitment",25
"1196",2016 Q2,"M","MURDER","Technical Commitment",15
"1197",2016 Q2,"M","OTHER","New Commitment",60.62
"1198",2016 Q2,"M","OTHER","Technical Commitment",12.01
"1199",2016 Q2,"M","PERSON","New Commitment",1001.52
"1200",2016 Q2,"M","PERSON","Technical Commitment",5.58
"1201",2016 Q2,"M","PERSON","Technical Commitment",130.7
"1202",2016 Q2,"M","PROPERTY","New Commitment",859.02
"1203",2016 Q2,"M","PROPERTY","Technical Commitment",129.37
"1204",2016 Q2,"M","SEX OFFENSE","New Commitment",15.22
"1205",2016 Q2,"M","SEX OFFENSE","Technical Commitment",1.16
"1206",2016 Q2,"M","SEX OFFENSE","New Commitment",1936.35
"1207",2016 Q2,"M","SEX OFFENSE","Technical Commitment",13
"1208",2016 Q2,"M","SEX OFFENSE","Technical Commitment",178.59
"1209",2016 Q2,"M","WEAPONS","New Commitment",74.42
"1210",2016 Q2,"M","WEAPONS","Technical Commitment",9.98
"1211",2016 Q3,"F","ALCOHOL & DRUG","New Commitment",62.23
"1212",2016 Q3,"F","ALCOHOL & DRUG","Technical Commitment",5.84
"1213",2016 Q3,"F","DRIVING","New Commitment",10.37
"1214",2016 Q3,"F","DRIVING","Technical Commitment",1
"1215",2016 Q3,"F","DRUG POSSESSION ONLY","New Commitment",27.54
"1216",2016 Q3,"F","DRUG POSSESSION ONLY","Technical Commitment",3.9
"1217",2016 Q3,"F","MURDER","New Commitment",47.11
"1218",2016 Q3,"F","MURDER","Technical Commitment",1
"1219",2016 Q3,"F","MURDER","Technical Commitment",4.54
"1220",2016 Q3,"F","OTHER","New Commitment",11.48
"1221",2016 Q3,"F","OTHER","Technical Commitment",1.42
"1222",2016 Q3,"F","PERSON","New Commitment",85.64
"1223",2016 Q3,"F","PERSON","Technical Commitment",7.24
"1224",2016 Q3,"F","PROPERTY","New Commitment",105.1
"1225",2016 Q3,"F","PROPERTY","Technical Commitment",1
"1226",2016 Q3,"F","PROPERTY","Technical Commitment",14.15
"1227",2016 Q3,"F","SEX OFFENSE","New Commitment",44.42
"1228",2016 Q3,"F","SEX OFFENSE","Technical Commitment",1
"1229",2016 Q3,"F","WEAPONS","New Commitment",1
"1230",2016 Q3,"F","WEAPONS","Technical Commitment",1
"1231",2016 Q3,"M","OTHER","New Commitment",3.72
"1232",2016 Q3,"M","ALCOHOL & DRUG","New Commitment",351.85
"1233",2016 Q3,"M","ALCOHOL & DRUG","Technical Commitment",1.09
"1234",2016 Q3,"M","ALCOHOL & DRUG","Technical Commitment",46.93
"1235",2016 Q3,"M","DRIVING","New Commitment",136.3
"1236",2016 Q3,"M","DRIVING","Technical Commitment",30.5
"1237",2016 Q3,"M","DRUG POSSESSION ONLY","New Commitment",117.92
"1238",2016 Q3,"M","DRUG POSSESSION ONLY","Technical Commitment",20.99
"1239",2016 Q3,"M","MURDER","New Commitment",658.53
"1240",2016 Q3,"M","MURDER","Technical Commitment",25
"1241",2016 Q3,"M","MURDER","Technical Commitment",16.07
"1242",2016 Q3,"M","OTHER","New Commitment",56.58
"1243",2016 Q3,"M","OTHER","Technical Commitment",11.87
"1244",2016 Q3,"M","PERSON","New Commitment",1014.3
"1245",2016 Q3,"M","PERSON","Technical Commitment",5
"1246",2016 Q3,"M","PERSON","Technical Commitment",138.66
"1247",2016 Q3,"M","PROPERTY","New Commitment",824.63
"1248",2016 Q3,"M","PROPERTY","Technical Commitment",129.95
"1249",2016 Q3,"M","SEX OFFENSE","New Commitment",16.2
"1250",2016 Q3,"M","SEX OFFENSE","Technical Commitment",1.3
"1251",2016 Q3,"M","SEX OFFENSE","New Commitment",1939.76
"1252",2016 Q3,"M","SEX OFFENSE","Technical Commitment",13
"1253",2016 Q3,"M","SEX OFFENSE","Technical Commitment",175.35
"1254",2016 Q3,"M","WEAPONS","New Commitment",73.73
"1255",2016 Q3,"M","WEAPONS","Technical Commitment",7.55
"1256",2016 Q4,"F","ALCOHOL & DRUG","New Commitment",59.48
"1257",2016 Q4,"F","ALCOHOL & DRUG","Technical Commitment",6.82
"1258",2016 Q4,"F","DRIVING","New Commitment",9.7
"1259",2016 Q4,"F","DRIVING","Technical Commitment",1
"1260",2016 Q4,"F","DRUG POSSESSION ONLY","New Commitment",24.88
"1261",2016 Q4,"F","DRUG POSSESSION ONLY","Technical Commitment",5.15
"1262",2016 Q4,"F","MURDER","New Commitment",48.42
"1263",2016 Q4,"F","MURDER","Technical Commitment",1
"1264",2016 Q4,"F","MURDER","Technical Commitment",4.12
"1265",2016 Q4,"F","OTHER","New Commitment",10.11
"1266",2016 Q4,"F","OTHER","Technical Commitment",2.94
"1267",2016 Q4,"F","PERSON","New Commitment",83.91
"1268",2016 Q4,"F","PERSON","Technical Commitment",7.65
"1269",2016 Q4,"F","PROPERTY","New Commitment",93.3
"1270",2016 Q4,"F","PROPERTY","Technical Commitment",16.46
"1271",2016 Q4,"F","SEX OFFENSE","New Commitment",45.13
"1272",2016 Q4,"F","SEX OFFENSE","Technical Commitment",1.26
"1273",2016 Q4,"F","WEAPONS","New Commitment",1.71
"1274",2016 Q4,"M","OTHER","New Commitment",4
"1275",2016 Q4,"M","ALCOHOL & DRUG","New Commitment",342.61
"1276",2016 Q4,"M","ALCOHOL & DRUG","Technical Commitment",2
"1277",2016 Q4,"M","ALCOHOL & DRUG","Technical Commitment",54.88
"1278",2016 Q4,"M","DRIVING","New Commitment",136.39
"1279",2016 Q4,"M","DRIVING","Technical Commitment",33.27
"1280",2016 Q4,"M","DRUG POSSESSION ONLY","New Commitment",95.14
"1281",2016 Q4,"M","DRUG POSSESSION ONLY","Technical Commitment",26.49
"1282",2016 Q4,"M","MURDER","New Commitment",664.39
"1283",2016 Q4,"M","MURDER","Technical Commitment",25.46
"1284",2016 Q4,"M","MURDER","Technical Commitment",17.95
"1285",2016 Q4,"M","OTHER","New Commitment",59.58
"1286",2016 Q4,"M","OTHER","Technical Commitment",12.72
"1287",2016 Q4,"M","PERSON","New Commitment",1053.38
"1288",2016 Q4,"M","PERSON","Technical Commitment",4.8
"1289",2016 Q4,"M","PERSON","Technical Commitment",137.15
"1290",2016 Q4,"M","PROPERTY","New Commitment",772.28
"1291",2016 Q4,"M","PROPERTY","Technical Commitment",125.28
"1292",2016 Q4,"M","SEX OFFENSE","New Commitment",16.16
"1293",2016 Q4,"M","SEX OFFENSE","Technical Commitment",1
"1294",2016 Q4,"M","SEX OFFENSE","New Commitment",1951.03
"1295",2016 Q4,"M","SEX OFFENSE","Technical Commitment",13
"1296",2016 Q4,"M","SEX OFFENSE","Technical Commitment",175.71
"1297",2016 Q4,"M","WEAPONS","New Commitment",79.45
"1298",2016 Q4,"M","WEAPONS","Technical Commitment",10.1
"1299",2017 Q1,"F","ALCOHOL & DRUG","New Commitment",56.14
"1300",2017 Q1,"F","ALCOHOL & DRUG","Technical Commitment",7.36
"1301",2017 Q1,"F","DRIVING","New Commitment",8.27
"1302",2017 Q1,"F","DRIVING","Technical Commitment",1
"1303",2017 Q1,"F","DRUG POSSESSION ONLY","New Commitment",29.66
"1304",2017 Q1,"F","DRUG POSSESSION ONLY","Technical Commitment",4.07
"1305",2017 Q1,"F","MURDER","New Commitment",50.19
"1306",2017 Q1,"F","MURDER","Technical Commitment",1
"1307",2017 Q1,"F","MURDER","Technical Commitment",4
"1308",2017 Q1,"F","OTHER","New Commitment",5.48
"1309",2017 Q1,"F","OTHER","Technical Commitment",4.21
"1310",2017 Q1,"F","PERSON","New Commitment",81.09
"1311",2017 Q1,"F","PERSON","Technical Commitment",7.98
"1312",2017 Q1,"F","PROPERTY","New Commitment",89.31
"1313",2017 Q1,"F","PROPERTY","Technical Commitment",16.86
"1314",2017 Q1,"F","SEX OFFENSE","New Commitment",45.63
"1315",2017 Q1,"F","SEX OFFENSE","Technical Commitment",2
"1316",2017 Q1,"F","WEAPONS","New Commitment",2.21
"1317",2017 Q1,"F","WEAPONS","Technical Commitment",1.55
"1318",2017 Q1,"M","OTHER","New Commitment",4
"1319",2017 Q1,"M","ALCOHOL & DRUG","New Commitment",325.79
"1320",2017 Q1,"M","ALCOHOL & DRUG","Technical Commitment",1.03
"1321",2017 Q1,"M","ALCOHOL & DRUG","Technical Commitment",58.47
"1322",2017 Q1,"M","DRIVING","New Commitment",144.48
"1323",2017 Q1,"M","DRIVING","Technical Commitment",33.74
"1324",2017 Q1,"M","DRUG POSSESSION ONLY","New Commitment",70.53
"1325",2017 Q1,"M","DRUG POSSESSION ONLY","Technical Commitment",25.5
"1326",2017 Q1,"M","MURDER","New Commitment",674
"1327",2017 Q1,"M","MURDER","Technical Commitment",26
"1328",2017 Q1,"M","MURDER","Technical Commitment",15.53
"1329",2017 Q1,"M","OTHER","New Commitment",55.81
"1330",2017 Q1,"M","OTHER","Technical Commitment",12.12
"1331",2017 Q1,"M","PERSON","New Commitment",1064.17
"1332",2017 Q1,"M","PERSON","Technical Commitment",4
"1333",2017 Q1,"M","PERSON","Technical Commitment",131.54
"1334",2017 Q1,"M","PROPERTY","New Commitment",756.57
"1335",2017 Q1,"M","PROPERTY","Technical Commitment",123.53
"1336",2017 Q1,"M","SEX OFFENSE","New Commitment",15.66
"1337",2017 Q1,"M","SEX OFFENSE","Technical Commitment",1.64
"1338",2017 Q1,"M","SEX OFFENSE","New Commitment",1968.13
"1339",2017 Q1,"M","SEX OFFENSE","Technical Commitment",13
"1340",2017 Q1,"M","SEX OFFENSE","Technical Commitment",176.81
"1341",2017 Q1,"M","WEAPONS","New Commitment",76.61
"1342",2017 Q1,"M","WEAPONS","Technical Commitment",10.93
"1343",2017 Q2,"F","ALCOHOL & DRUG","New Commitment",64.54
"1344",2017 Q2,"F","ALCOHOL & DRUG","Technical Commitment",5.36
"1345",2017 Q2,"F","DRIVING","New Commitment",11.03
"1346",2017 Q2,"F","DRIVING","Technical Commitment",1
"1347",2017 Q2,"F","DRUG POSSESSION ONLY","New Commitment",27.93
"1348",2017 Q2,"F","DRUG POSSESSION ONLY","Technical Commitment",7.36
"1349",2017 Q2,"F","MURDER","New Commitment",53.08
"1350",2017 Q2,"F","MURDER","Technical Commitment",1
"1351",2017 Q2,"F","MURDER","Technical Commitment",4
"1352",2017 Q2,"F","OTHER","New Commitment",10.14
"1353",2017 Q2,"F","OTHER","Technical Commitment",2.9
"1354",2017 Q2,"F","PERSON","New Commitment",77.59
"1355",2017 Q2,"F","PERSON","Technical Commitment",10.65
"1356",2017 Q2,"F","PROPERTY","New Commitment",97.64
"1357",2017 Q2,"F","PROPERTY","Technical Commitment",21.18
"1358",2017 Q2,"F","SEX OFFENSE","New Commitment",46.15
"1359",2017 Q2,"F","SEX OFFENSE","Technical Commitment",2
"1360",2017 Q2,"F","WEAPONS","New Commitment",1.51
"1361",2017 Q2,"F","WEAPONS","Technical Commitment",2.18
"1362",2017 Q2,"M","OTHER","New Commitment",4
"1363",2017 Q2,"M","ALCOHOL & DRUG","New Commitment",345.74
"1364",2017 Q2,"M","ALCOHOL & DRUG","Technical Commitment",1
"1365",2017 Q2,"M","ALCOHOL & DRUG","Technical Commitment",61.67
"1366",2017 Q2,"M","DRIVING","New Commitment",141.57
"1367",2017 Q2,"M","DRIVING","Technical Commitment",37.59
"1368",2017 Q2,"M","DRUG POSSESSION ONLY","New Commitment",63.31
"1369",2017 Q2,"M","DRUG POSSESSION ONLY","Technical Commitment",29.8
"1370",2017 Q2,"M","MURDER","New Commitment",685.27
"1371",2017 Q2,"M","MURDER","Technical Commitment",26
"1372",2017 Q2,"M","MURDER","Technical Commitment",19.57
"1373",2017 Q2,"M","OTHER","New Commitment",56.58
"1374",2017 Q2,"M","OTHER","Technical Commitment",14.08
"1375",2017 Q2,"M","PERSON","New Commitment",1085.62
"1376",2017 Q2,"M","PERSON","Technical Commitment",4
"1377",2017 Q2,"M","PERSON","Technical Commitment",127.68
"1378",2017 Q2,"M","PROPERTY","New Commitment",746.36
"1379",2017 Q2,"M","PROPERTY","Technical Commitment",135.74
"1380",2017 Q2,"M","SEX OFFENSE","New Commitment",15.96
"1381",2017 Q2,"M","SEX OFFENSE","Technical Commitment",1.74
"1382",2017 Q2,"M","SEX OFFENSE","New Commitment",1981.32
"1383",2017 Q2,"M","SEX OFFENSE","Technical Commitment",13
"1384",2017 Q2,"M","SEX OFFENSE","Technical Commitment",178.69
"1385",2017 Q2,"M","WEAPONS","New Commitment",75.99
"1386",2017 Q2,"M","WEAPONS","Technical Commitment",17.81
"1387",2017 Q3,"F","ALCOHOL & DRUG","New Commitment",64.34
"1388",2017 Q3,"F","ALCOHOL & DRUG","Technical Commitment",11.87
"1389",2017 Q3,"F","DRIVING","New Commitment",12.39
"1390",2017 Q3,"F","DRUG POSSESSION ONLY","New Commitment",22.07
"1391",2017 Q3,"F","DRUG POSSESSION ONLY","Technical Commitment",8.1
"1392",2017 Q3,"F","MURDER","New Commitment",53.04
"1393",2017 Q3,"F","MURDER","Technical Commitment",1
"1394",2017 Q3,"F","MURDER","Technical Commitment",4
"1395",2017 Q3,"F","OTHER","New Commitment",15.34
"1396",2017 Q3,"F","OTHER","Technical Commitment",3.38
"1397",2017 Q3,"F","PERSON","New Commitment",80.2
"1398",2017 Q3,"F","PERSON","Technical Commitment",12.85
"1399",2017 Q3,"F","PROPERTY","New Commitment",109.5
"1400",2017 Q3,"F","PROPERTY","Technical Commitment",23.64
"1401",2017 Q3,"F","SEX OFFENSE","New Commitment",46.92
"1402",2017 Q3,"F","WEAPONS","New Commitment",1.12
"1403",2017 Q3,"F","WEAPONS","Technical Commitment",1
"1404",2017 Q3,"M","OTHER","New Commitment",3.65
"1405",2017 Q3,"M","ALCOHOL & DRUG","New Commitment",349.98
"1406",2017 Q3,"M","ALCOHOL & DRUG","Technical Commitment",1
"1407",2017 Q3,"M","ALCOHOL & DRUG","Technical Commitment",56.32
"1408",2017 Q3,"M","DRIVING","New Commitment",125.53
"1409",2017 Q3,"M","DRIVING","Technical Commitment",31.79
"1410",2017 Q3,"M","DRUG POSSESSION ONLY","New Commitment",66.16
"1411",2017 Q3,"M","DRUG POSSESSION ONLY","Technical Commitment",24.12
"1412",2017 Q3,"M","MURDER","New Commitment",682.41
"1413",2017 Q3,"M","MURDER","Technical Commitment",26
"1414",2017 Q3,"M","MURDER","Technical Commitment",20.75
"1415",2017 Q3,"M","OTHER","New Commitment",56.65
"1416",2017 Q3,"M","OTHER","Technical Commitment",12.07
"1417",2017 Q3,"M","PERSON","New Commitment",1094.53
"1418",2017 Q3,"M","PERSON","Technical Commitment",4
"1419",2017 Q3,"M","PERSON","Technical Commitment",125.46
"1420",2017 Q3,"M","PROPERTY","New Commitment",739.32
"1421",2017 Q3,"M","PROPERTY","Technical Commitment",146.35
"1422",2017 Q3,"M","SEX OFFENSE","New Commitment",15.9
"1423",2017 Q3,"M","SEX OFFENSE","Technical Commitment",2.8
"1424",2017 Q3,"M","SEX OFFENSE","New Commitment",1985.11
"1425",2017 Q3,"M","SEX OFFENSE","Technical Commitment",12.01
"1426",2017 Q3,"M","SEX OFFENSE","Technical Commitment",186.16
"1427",2017 Q3,"M","WEAPONS","New Commitment",84.84
"1428",2017 Q3,"M","WEAPONS","Technical Commitment",21.77
"1429",2017 Q4,"F","ALCOHOL & DRUG","New Commitment",68.37
"1430",2017 Q4,"F","ALCOHOL & DRUG","Technical Commitment",9.45
"1431",2017 Q4,"F","DRIVING","New Commitment",11.3
"1432",2017 Q4,"F","DRIVING","Technical Commitment",1.05
"1433",2017 Q4,"F","DRUG POSSESSION ONLY","New Commitment",21.11
"1434",2017 Q4,"F","DRUG POSSESSION ONLY","Technical Commitment",4.53
"1435",2017 Q4,"F","MURDER","New Commitment",53.09
"1436",2017 Q4,"F","MURDER","Technical Commitment",1
"1437",2017 Q4,"F","MURDER","Technical Commitment",4
"1438",2017 Q4,"F","OTHER","New Commitment",15.36
"1439",2017 Q4,"F","OTHER","Technical Commitment",3.45
"1440",2017 Q4,"F","PERSON","New Commitment",81.82
"1441",2017 Q4,"F","PERSON","Technical Commitment",11.21
"1442",2017 Q4,"F","PROPERTY","New Commitment",121.84
"1443",2017 Q4,"F","PROPERTY","Technical Commitment",19.01
"1444",2017 Q4,"F","SEX OFFENSE","New Commitment",44.32
"1445",2017 Q4,"F","WEAPONS","New Commitment",2.66
"1446",2017 Q4,"M","OTHER","New Commitment",1.59
"1447",2017 Q4,"M","ALCOHOL & DRUG","New Commitment",352.03
"1448",2017 Q4,"M","ALCOHOL & DRUG","Technical Commitment",1
"1449",2017 Q4,"M","ALCOHOL & DRUG","Technical Commitment",54.76
"1450",2017 Q4,"M","DRIVING","New Commitment",117.12
"1451",2017 Q4,"M","DRIVING","Technical Commitment",36.33
"1452",2017 Q4,"M","DRUG POSSESSION ONLY","New Commitment",74.04
"1453",2017 Q4,"M","DRUG POSSESSION ONLY","Technical Commitment",22.73
"1454",2017 Q4,"M","MURDER","New Commitment",678.45
"1455",2017 Q4,"M","MURDER","Technical Commitment",25.45
"1456",2017 Q4,"M","MURDER","Technical Commitment",20.66
"1457",2017 Q4,"M","OTHER","New Commitment",61.21
"1458",2017 Q4,"M","OTHER","Technical Commitment",10.91
"1459",2017 Q4,"M","PERSON","New Commitment",1103.52
"1460",2017 Q4,"M","PERSON","Technical Commitment",4
"1461",2017 Q4,"M","PERSON","Technical Commitment",136.59
"1462",2017 Q4,"M","PROPERTY","New Commitment",742.26
"1463",2017 Q4,"M","PROPERTY","Technical Commitment",147.45
"1464",2017 Q4,"M","SEX OFFENSE","New Commitment",16
"1465",2017 Q4,"M","SEX OFFENSE","Technical Commitment",3.13
"1466",2017 Q4,"M","SEX OFFENSE","New Commitment",1980.52
"1467",2017 Q4,"M","SEX OFFENSE","Technical Commitment",12
"1468",2017 Q4,"M","SEX OFFENSE","Technical Commitment",182.05
"1469",2017 Q4,"M","WEAPONS","New Commitment",90.39
"1470",2017 Q4,"M","WEAPONS","Technical Commitment",20.42
"1471",2018 Q1,"F","ALCOHOL & DRUG","New Commitment",70.04
"1472",2018 Q1,"F","ALCOHOL & DRUG","Technical Commitment",8.52
"1473",2018 Q1,"F","DRIVING","New Commitment",11.98
"1474",2018 Q1,"F","DRIVING","Technical Commitment",1.68
"1475",2018 Q1,"F","DRUG POSSESSION ONLY","New Commitment",25.83
"1476",2018 Q1,"F","DRUG POSSESSION ONLY","Technical Commitment",6.43
"1477",2018 Q1,"F","MURDER","New Commitment",50.43
"1478",2018 Q1,"F","MURDER","Technical Commitment",1
"1479",2018 Q1,"F","MURDER","Technical Commitment",4.19
"1480",2018 Q1,"F","OTHER","New Commitment",14.49
"1481",2018 Q1,"F","OTHER","Technical Commitment",1.44
"1482",2018 Q1,"F","PERSON","New Commitment",85.88
"1483",2018 Q1,"F","PERSON","Technical Commitment",8.77
"1484",2018 Q1,"F","PROPERTY","New Commitment",140.23
"1485",2018 Q1,"F","PROPERTY","Technical Commitment",15.84
"1486",2018 Q1,"F","SEX OFFENSE","New Commitment",42.64
"1487",2018 Q1,"F","SEX OFFENSE","Technical Commitment",1
"1488",2018 Q1,"F","WEAPONS","New Commitment",3
"1489",2018 Q1,"F","WEAPONS","Technical Commitment",1
"1490",2018 Q1,"M","OTHER","New Commitment",1
"1491",2018 Q1,"M","ALCOHOL & DRUG","New Commitment",372.08
"1492",2018 Q1,"M","ALCOHOL & DRUG","Technical Commitment",1
"1493",2018 Q1,"M","ALCOHOL & DRUG","Technical Commitment",48.84
"1494",2018 Q1,"M","DRIVING","New Commitment",123.74
"1495",2018 Q1,"M","DRIVING","Technical Commitment",32.44
"1496",2018 Q1,"M","DRUG POSSESSION ONLY","New Commitment",80.88
"1497",2018 Q1,"M","DRUG POSSESSION ONLY","Technical Commitment",27.8
"1498",2018 Q1,"M","MURDER","New Commitment",679.03
"1499",2018 Q1,"M","MURDER","Technical Commitment",24.51
"1500",2018 Q1,"M","MURDER","Technical Commitment",15.76
"1501",2018 Q1,"M","OTHER","New Commitment",63.51
"1502",2018 Q1,"M","OTHER","Technical Commitment",11.62
"1503",2018 Q1,"M","PERSON","New Commitment",1117.74
"1504",2018 Q1,"M","PERSON","Technical Commitment",4
"1505",2018 Q1,"M","PERSON","Technical Commitment",128.84
"1506",2018 Q1,"M","PROPERTY","New Commitment",763.44
"1507",2018 Q1,"M","PROPERTY","Technical Commitment",151.68
"1508",2018 Q1,"M","SEX OFFENSE","New Commitment",19.24
"1509",2018 Q1,"M","SEX OFFENSE","Technical Commitment",2
"1510",2018 Q1,"M","SEX OFFENSE","New Commitment",1988.72
"1511",2018 Q1,"M","SEX OFFENSE","Technical Commitment",12
"1512",2018 Q1,"M","SEX OFFENSE","Technical Commitment",186.38
"1513",2018 Q1,"M","WEAPONS","New Commitment",85.42
"1514",2018 Q1,"M","WEAPONS","Technical Commitment",24.34
"1515",2018 Q2,"F","ALCOHOL & DRUG","New Commitment",81.62
"1516",2018 Q2,"F","ALCOHOL & DRUG","Technical Commitment",8.1
"1517",2018 Q2,"F","DRIVING","New Commitment",14.81
"1518",2018 Q2,"F","DRIVING","Technical Commitment",2.14
"1519",2018 Q2,"F","DRUG POSSESSION ONLY","New Commitment",30.81
"1520",2018 Q2,"F","DRUG POSSESSION ONLY","Technical Commitment",9.47
"1521",2018 Q2,"F","MURDER","New Commitment",49.29
"1522",2018 Q2,"F","MURDER","Technical Commitment",1
"1523",2018 Q2,"F","MURDER","Technical Commitment",5
"1524",2018 Q2,"F","OTHER","New Commitment",12.55
"1525",2018 Q2,"F","OTHER","Technical Commitment",3.37
"1526",2018 Q2,"F","PERSON","New Commitment",91.62
"1527",2018 Q2,"F","PERSON","Technical Commitment",8.18
"1528",2018 Q2,"F","PROPERTY","New Commitment",156.79
"1529",2018 Q2,"F","PROPERTY","Technical Commitment",20.93
"1530",2018 Q2,"F","SEX OFFENSE","New Commitment",43.41
"1531",2018 Q2,"F","SEX OFFENSE","Technical Commitment",1
"1532",2018 Q2,"F","WEAPONS","New Commitment",2.56
"1533",2018 Q2,"F","WEAPONS","Technical Commitment",1
"1534",2018 Q2,"M","OTHER","New Commitment",1
"1535",2018 Q2,"M","ALCOHOL & DRUG","New Commitment",383.95
"1536",2018 Q2,"M","ALCOHOL & DRUG","Technical Commitment",1
"1537",2018 Q2,"M","ALCOHOL & DRUG","Technical Commitment",44.2
"1538",2018 Q2,"M","DRIVING","New Commitment",126.19
"1539",2018 Q2,"M","DRIVING","Technical Commitment",35.22
"1540",2018 Q2,"M","DRUG POSSESSION ONLY","New Commitment",81.65
"1541",2018 Q2,"M","DRUG POSSESSION ONLY","Technical Commitment",23.95
"1542",2018 Q2,"M","MURDER","New Commitment",680.35
"1543",2018 Q2,"M","MURDER","Technical Commitment",24.36
"1544",2018 Q2,"M","MURDER","Technical Commitment",18.91
"1545",2018 Q2,"M","OTHER","New Commitment",68.76
"1546",2018 Q2,"M","OTHER","Technical Commitment",11.71
"1547",2018 Q2,"M","PERSON","New Commitment",1112.43
"1548",2018 Q2,"M","PERSON","Technical Commitment",4
"1549",2018 Q2,"M","PERSON","Technical Commitment",117.33
"1550",2018 Q2,"M","PROPERTY","New Commitment",763.58
"1551",2018 Q2,"M","PROPERTY","Technical Commitment",137.43
"1552",2018 Q2,"M","SEX OFFENSE","New Commitment",19.71
"1553",2018 Q2,"M","SEX OFFENSE","Technical Commitment",3
"1554",2018 Q2,"M","SEX OFFENSE","New Commitment",1984.23
"1555",2018 Q2,"M","SEX OFFENSE","Technical Commitment",12
"1556",2018 Q2,"M","SEX OFFENSE","Technical Commitment",181.51
"1557",2018 Q2,"M","WEAPONS","New Commitment",75.93
"1558",2018 Q2,"M","WEAPONS","Technical Commitment",16.18
"1559",2018 Q3,"F","ALCOHOL & DRUG","New Commitment",80.75
"1560",2018 Q3,"F","ALCOHOL & DRUG","Technical Commitment",9.22
"1561",2018 Q3,"F","DRIVING","New Commitment",17.37
"1562",2018 Q3,"F","DRIVING","Technical Commitment",1.34
"1563",2018 Q3,"F","DRUG POSSESSION ONLY","New Commitment",38.26
"1564",2018 Q3,"F","DRUG POSSESSION ONLY","Technical Commitment",5.41
"1565",2018 Q3,"F","MURDER","New Commitment",50.23
"1566",2018 Q3,"F","MURDER","Technical Commitment",1
"1567",2018 Q3,"F","MURDER","Technical Commitment",5
"1568",2018 Q3,"F","OTHER","New Commitment",14.37
"1569",2018 Q3,"F","OTHER","Technical Commitment",1.21
"1570",2018 Q3,"F","PERSON","New Commitment",95.5
"1571",2018 Q3,"F","PERSON","Technical Commitment",8.12
"1572",2018 Q3,"F","PROPERTY","New Commitment",159.96
"1573",2018 Q3,"F","PROPERTY","Technical Commitment",20.98
"1574",2018 Q3,"F","SEX OFFENSE","New Commitment",44.75
"1575",2018 Q3,"F","WEAPONS","New Commitment",4.04
"1576",2018 Q3,"F","WEAPONS","Technical Commitment",1
"1577",2018 Q3,"M","OTHER","New Commitment",1
"1578",2018 Q3,"M","ALCOHOL & DRUG","New Commitment",405.13
"1579",2018 Q3,"M","ALCOHOL & DRUG","Technical Commitment",1
"1580",2018 Q3,"M","ALCOHOL & DRUG","Technical Commitment",49.47
"1581",2018 Q3,"M","DRIVING","New Commitment",141.72
"1582",2018 Q3,"M","DRIVING","Technical Commitment",33.3
"1583",2018 Q3,"M","DRUG POSSESSION ONLY","New Commitment",77.11
"1584",2018 Q3,"M","DRUG POSSESSION ONLY","Technical Commitment",25.11
"1585",2018 Q3,"M","MURDER","New Commitment",684.08
"1586",2018 Q3,"M","MURDER","Technical Commitment",23.12
"1587",2018 Q3,"M","MURDER","Technical Commitment",22.22
"1588",2018 Q3,"M","OTHER","New Commitment",73.53
"1589",2018 Q3,"M","OTHER","Technical Commitment",13.82
"1590",2018 Q3,"M","PERSON","New Commitment",1104.03
"1591",2018 Q3,"M","PERSON","Technical Commitment",4
"1592",2018 Q3,"M","PERSON","Technical Commitment",138.15
"1593",2018 Q3,"M","PROPERTY","New Commitment",767.57
"1594",2018 Q3,"M","PROPERTY","Technical Commitment",167.36
"1595",2018 Q3,"M","SEX OFFENSE","New Commitment",20.25
"1596",2018 Q3,"M","SEX OFFENSE","Technical Commitment",2
"1597",2018 Q3,"M","SEX OFFENSE","New Commitment",1984.97
"1598",2018 Q3,"M","SEX OFFENSE","Technical Commitment",11.34
"1599",2018 Q3,"M","SEX OFFENSE","Technical Commitment",176.25
"1600",2018 Q3,"M","WEAPONS","New Commitment",78.36
"1601",2018 Q3,"M","WEAPONS","Technical Commitment",15.59
"1602",2018 Q4,"F","ALCOHOL & DRUG","New Commitment",83.85
"1603",2018 Q4,"F","ALCOHOL & DRUG","Technical Commitment",9.36
"1604",2018 Q4,"F","DRIVING","New Commitment",20.22
"1605",2018 Q4,"F","DRIVING","Technical Commitment",1.23
"1606",2018 Q4,"F","DRUG POSSESSION ONLY","New Commitment",30.68
"1607",2018 Q4,"F","DRUG POSSESSION ONLY","Technical Commitment",5.49
"1608",2018 Q4,"F","MURDER","New Commitment",50.45
"1609",2018 Q4,"F","MURDER","Technical Commitment",1
"1610",2018 Q4,"F","MURDER","Technical Commitment",4.91
"1611",2018 Q4,"F","OTHER","New Commitment",16.91
"1612",2018 Q4,"F","OTHER","Technical Commitment",1.36
"1613",2018 Q4,"F","PERSON","New Commitment",98.11
"1614",2018 Q4,"F","PERSON","Technical Commitment",9.17
"1615",2018 Q4,"F","PROPERTY","New Commitment",163.58
"1616",2018 Q4,"F","PROPERTY","Technical Commitment",25.8
"1617",2018 Q4,"F","SEX OFFENSE","New Commitment",43.67
"1618",2018 Q4,"F","SEX OFFENSE","Technical Commitment",1.51
"1619",2018 Q4,"F","WEAPONS","New Commitment",6.35
"1620",2018 Q4,"F","WEAPONS","Technical Commitment",1
"1621",2018 Q4,"M","ALCOHOL & DRUG","New Commitment",405.58
"1622",2018 Q4,"M","ALCOHOL & DRUG","Technical Commitment",1.01
"1623",2018 Q4,"M","ALCOHOL & DRUG","Technical Commitment",60.47
"1624",2018 Q4,"M","DRIVING","New Commitment",151.46
"1625",2018 Q4,"M","DRIVING","Technical Commitment",39.54
"1626",2018 Q4,"M","DRUG POSSESSION ONLY","New Commitment",71.45
"1627",2018 Q4,"M","DRUG POSSESSION ONLY","Technical Commitment",25.64
"1628",2018 Q4,"M","MURDER","New Commitment",689.02
"1629",2018 Q4,"M","MURDER","Technical Commitment",22.89
"1630",2018 Q4,"M","MURDER","Technical Commitment",19.65
"1631",2018 Q4,"M","OTHER","New Commitment",74.93
"1632",2018 Q4,"M","OTHER","Technical Commitment",16.96
"1633",2018 Q4,"M","PERSON","New Commitment",1086.76
"1634",2018 Q4,"M","PERSON","Technical Commitment",3.4
"1635",2018 Q4,"M","PERSON","Technical Commitment",152.85
"1636",2018 Q4,"M","PROPERTY","New Commitment",784.79
"1637",2018 Q4,"M","PROPERTY","Technical Commitment",164.82
"1638",2018 Q4,"M","SEX OFFENSE","New Commitment",21.66
"1639",2018 Q4,"M","SEX OFFENSE","Technical Commitment",2.82
"1640",2018 Q4,"M","SEX OFFENSE","New Commitment",1974.26
"1641",2018 Q4,"M","SEX OFFENSE","Technical Commitment",10.55
"1642",2018 Q4,"M","SEX OFFENSE","Technical Commitment",176.79
"1643",2018 Q4,"M","WEAPONS","New Commitment",85.85
"1644",2018 Q4,"M","WEAPONS","Technical Commitment",15.39
"1645",2019 Q1,"F","ALCOHOL & DRUG","New Commitment",83.61
"1646",2019 Q1,"F","ALCOHOL & DRUG","Technical Commitment",14.11
"1647",2019 Q1,"F","DRIVING","New Commitment",19.57
"1648",2019 Q1,"F","DRIVING","Technical Commitment",1.4
"1649",2019 Q1,"F","DRUG POSSESSION ONLY","New Commitment",21.97
"1650",2019 Q1,"F","DRUG POSSESSION ONLY","Technical Commitment",7.71
"1651",2019 Q1,"F","MURDER","New Commitment",51.7
"1652",2019 Q1,"F","MURDER","Technical Commitment",1
"1653",2019 Q1,"F","MURDER","Technical Commitment",3.31
"1654",2019 Q1,"F","OTHER","New Commitment",18.26
"1655",2019 Q1,"F","OTHER","Technical Commitment",3.98
"1656",2019 Q1,"F","PERSON","New Commitment",101.07
"1657",2019 Q1,"F","PERSON","Technical Commitment",12.34
"1658",2019 Q1,"F","PROPERTY","New Commitment",164.42
"1659",2019 Q1,"F","PROPERTY","Technical Commitment",24.82
"1660",2019 Q1,"F","SEX OFFENSE","New Commitment",44.58
"1661",2019 Q1,"F","SEX OFFENSE","Technical Commitment",1.71
"1662",2019 Q1,"F","WEAPONS","New Commitment",6.94
"1663",2019 Q1,"F","WEAPONS","Technical Commitment",1
"1664",2019 Q1,"M","ALCOHOL & DRUG","New Commitment",405.14
"1665",2019 Q1,"M","ALCOHOL & DRUG","Technical Commitment",1
"1666",2019 Q1,"M","ALCOHOL & DRUG","Technical Commitment",69.37
"1667",2019 Q1,"M","DRIVING","New Commitment",148.43
"1668",2019 Q1,"M","DRIVING","Technical Commitment",41.3
"1669",2019 Q1,"M","DRUG POSSESSION ONLY","New Commitment",79.72
"1670",2019 Q1,"M","DRUG POSSESSION ONLY","Technical Commitment",25.31
"1671",2019 Q1,"M","MURDER","New Commitment",690.79
"1672",2019 Q1,"M","MURDER","Technical Commitment",22.93
"1673",2019 Q1,"M","MURDER","Technical Commitment",14.19
"1674",2019 Q1,"M","OTHER","New Commitment",74.74
"1675",2019 Q1,"M","OTHER","Technical Commitment",15.03
"1676",2019 Q1,"M","PERSON","New Commitment",1085.26
"1677",2019 Q1,"M","PERSON","Technical Commitment",3.83
"1678",2019 Q1,"M","PERSON","Technical Commitment",179.04
"1679",2019 Q1,"M","PROPERTY","New Commitment",781.16
"1680",2019 Q1,"M","PROPERTY","Technical Commitment",175.53
"1681",2019 Q1,"M","SEX OFFENSE","New Commitment",23.2
"1682",2019 Q1,"M","SEX OFFENSE","Technical Commitment",3
"1683",2019 Q1,"M","SEX OFFENSE","New Commitment",1987.03
"1684",2019 Q1,"M","SEX OFFENSE","Technical Commitment",9.9
"1685",2019 Q1,"M","SEX OFFENSE","Technical Commitment",176.02
"1686",2019 Q1,"M","WEAPONS","New Commitment",94.16
"1687",2019 Q1,"M","WEAPONS","Technical Commitment",17.76
"1688",2019 Q2,"F","ALCOHOL & DRUG","New Commitment",82.9
"1689",2019 Q2,"F","ALCOHOL & DRUG","Technical Commitment",14.89
"1690",2019 Q2,"F","DRIVING","New Commitment",20.33
"1691",2019 Q2,"F","DRIVING","Technical Commitment",2.35
"1692",2019 Q2,"F","DRUG POSSESSION ONLY","New Commitment",24.23
"1693",2019 Q2,"F","DRUG POSSESSION ONLY","Technical Commitment",9.75
"1694",2019 Q2,"F","MURDER","New Commitment",50.81
"1695",2019 Q2,"F","MURDER","Technical Commitment",1
"1696",2019 Q2,"F","MURDER","Technical Commitment",4.27
"1697",2019 Q2,"F","OTHER","New Commitment",17.88
"1698",2019 Q2,"F","OTHER","Technical Commitment",2.29
"1699",2019 Q2,"F","PERSON","New Commitment",103.35
"1700",2019 Q2,"F","PERSON","Technical Commitment",14.42
"1701",2019 Q2,"F","PROPERTY","New Commitment",173.21
"1702",2019 Q2,"F","PROPERTY","Technical Commitment",21.55
"1703",2019 Q2,"F","SEX OFFENSE","New Commitment",43.89
"1704",2019 Q2,"F","SEX OFFENSE","Technical Commitment",1
"1705",2019 Q2,"F","WEAPONS","New Commitment",6.74
"1706",2019 Q2,"F","WEAPONS","Technical Commitment",1
"1707",2019 Q2,"M","ALCOHOL & DRUG","New Commitment",400.9
"1708",2019 Q2,"M","ALCOHOL & DRUG","Technical Commitment",1
"1709",2019 Q2,"M","ALCOHOL & DRUG","Technical Commitment",75.68
"1710",2019 Q2,"M","DRIVING","New Commitment",137.31
"1711",2019 Q2,"M","DRIVING","Technical Commitment",39.07
"1712",2019 Q2,"M","DRUG POSSESSION ONLY","New Commitment",76.33
"1713",2019 Q2,"M","DRUG POSSESSION ONLY","Technical Commitment",18.41
"1714",2019 Q2,"M","MURDER","New Commitment",696.14
"1715",2019 Q2,"M","MURDER","Technical Commitment",23
"1716",2019 Q2,"M","MURDER","Technical Commitment",16.71
"1717",2019 Q2,"M","OTHER","New Commitment",75.6
"1718",2019 Q2,"M","OTHER","Technical Commitment",10.71
"1719",2019 Q2,"M","PERSON","New Commitment",1093.64
"1720",2019 Q2,"M","PERSON","Technical Commitment",4.7
"1721",2019 Q2,"M","PERSON","Technical Commitment",195.89
"1722",2019 Q2,"M","PROPERTY","New Commitment",791.2
"1723",2019 Q2,"M","PROPERTY","Technical Commitment",192.58
"1724",2019 Q2,"M","SEX OFFENSE","New Commitment",23.95
"1725",2019 Q2,"M","SEX OFFENSE","Technical Commitment",2.48
"1726",2019 Q2,"M","SEX OFFENSE","New Commitment",1997.32
"1727",2019 Q2,"M","SEX OFFENSE","Technical Commitment",10
"1728",2019 Q2,"M","SEX OFFENSE","Technical Commitment",184.24
"1729",2019 Q2,"M","WEAPONS","New Commitment",98.27
"1730",2019 Q2,"M","WEAPONS","Technical Commitment",19.13
"1731",2019 Q3,"F","ALCOHOL & DRUG","New Commitment",71.01
"1732",2019 Q3,"F","ALCOHOL & DRUG","Technical Commitment",12.72
"1733",2019 Q3,"F","DRIVING","New Commitment",20.83
"1734",2019 Q3,"F","DRIVING","Technical Commitment",2.42
"1735",2019 Q3,"F","DRUG POSSESSION ONLY","New Commitment",27.14
"1736",2019 Q3,"F","DRUG POSSESSION ONLY","Technical Commitment",12.8
"1737",2019 Q3,"F","MURDER","New Commitment",51
"1738",2019 Q3,"F","MURDER","Technical Commitment",1
"1739",2019 Q3,"F","MURDER","Technical Commitment",4.42
"1740",2019 Q3,"F","OTHER","New Commitment",17.28
"1741",2019 Q3,"F","OTHER","Technical Commitment",1
"1742",2019 Q3,"F","PERSON","New Commitment",107.29
"1743",2019 Q3,"F","PERSON","Technical Commitment",13.96
"1744",2019 Q3,"F","PROPERTY","New Commitment",178.04
"1745",2019 Q3,"F","PROPERTY","Technical Commitment",32.55
"1746",2019 Q3,"F","SEX OFFENSE","New Commitment",40.84
"1747",2019 Q3,"F","SEX OFFENSE","Technical Commitment",1.07
"1748",2019 Q3,"F","WEAPONS","New Commitment",5.82
"1749",2019 Q3,"F","WEAPONS","Technical Commitment",1
"1750",2019 Q3,"M","ALCOHOL & DRUG","New Commitment",381.5
"1751",2019 Q3,"M","ALCOHOL & DRUG","Technical Commitment",1
"1752",2019 Q3,"M","ALCOHOL & DRUG","Technical Commitment",71.86
"1753",2019 Q3,"M","DRIVING","New Commitment",134.24
"1754",2019 Q3,"M","DRIVING","Technical Commitment",36.76
"1755",2019 Q3,"M","DRUG POSSESSION ONLY","New Commitment",69.63
"1756",2019 Q3,"M","DRUG POSSESSION ONLY","Technical Commitment",22.15
"1757",2019 Q3,"M","MURDER","New Commitment",701.68
"1758",2019 Q3,"M","MURDER","Technical Commitment",22.64
"1759",2019 Q3,"M","MURDER","Technical Commitment",15.01
"1760",2019 Q3,"M","OTHER","New Commitment",77.03
"1761",2019 Q3,"M","OTHER","Technical Commitment",10.86
"1762",2019 Q3,"M","PERSON","New Commitment",1103.15
"1763",2019 Q3,"M","PERSON","Technical Commitment",5
"1764",2019 Q3,"M","PERSON","Technical Commitment",206.48
"1765",2019 Q3,"M","PROPERTY","New Commitment",763.87
"1766",2019 Q3,"M","PROPERTY","Technical Commitment",209.07
"1767",2019 Q3,"M","SEX OFFENSE","New Commitment",23.78
"1768",2019 Q3,"M","SEX OFFENSE","Technical Commitment",2.08
"1769",2019 Q3,"M","SEX OFFENSE","New Commitment",2000.61
"1770",2019 Q3,"M","SEX OFFENSE","Technical Commitment",10
"1771",2019 Q3,"M","SEX OFFENSE","Technical Commitment",195.11
"1772",2019 Q3,"M","WEAPONS","New Commitment",104.34
"1773",2019 Q3,"M","WEAPONS","Technical Commitment",23.85
"1774",2019 Q4,"F","ALCOHOL & DRUG","New Commitment",73.57
"1775",2019 Q4,"F","ALCOHOL & DRUG","Technical Commitment",11.71
"1776",2019 Q4,"F","DRIVING","New Commitment",18.61
"1777",2019 Q4,"F","DRIVING","Technical Commitment",2.43
"1778",2019 Q4,"F","DRUG POSSESSION ONLY","New Commitment",25.26
"1779",2019 Q4,"F","DRUG POSSESSION ONLY","Technical Commitment",9.85
"1780",2019 Q4,"F","MURDER","New Commitment",49.22
"1781",2019 Q4,"F","MURDER","Technical Commitment",1
"1782",2019 Q4,"F","MURDER","Technical Commitment",3.46
"1783",2019 Q4,"F","OTHER","New Commitment",16.85
"1784",2019 Q4,"F","OTHER","Technical Commitment",3.42
"1785",2019 Q4,"F","PERSON","New Commitment",106.87
"1786",2019 Q4,"F","PERSON","Technical Commitment",12.04
"1787",2019 Q4,"F","PROPERTY","New Commitment",177.35
"1788",2019 Q4,"F","PROPERTY","Technical Commitment",36.2
"1789",2019 Q4,"F","SEX OFFENSE","New Commitment",39.18
"1790",2019 Q4,"F","SEX OFFENSE","Technical Commitment",1
"1791",2019 Q4,"F","WEAPONS","New Commitment",4.7
"1792",2019 Q4,"M","ALCOHOL & DRUG","New Commitment",377.71
"1793",2019 Q4,"M","ALCOHOL & DRUG","Technical Commitment",1
"1794",2019 Q4,"M","ALCOHOL & DRUG","Technical Commitment",81.2
"1795",2019 Q4,"M","DRIVING","New Commitment",126.42
"1796",2019 Q4,"M","DRIVING","Technical Commitment",34.34
"1797",2019 Q4,"M","DRUG POSSESSION ONLY","New Commitment",70.42
"1798",2019 Q4,"M","DRUG POSSESSION ONLY","Technical Commitment",21.3
"1799",2019 Q4,"M","MURDER","New Commitment",706.02
"1800",2019 Q4,"M","MURDER","Technical Commitment",22
"1801",2019 Q4,"M","MURDER","Technical Commitment",16.84
"1802",2019 Q4,"M","OTHER","New Commitment",80.85
"1803",2019 Q4,"M","OTHER","Technical Commitment",16.75
"1804",2019 Q4,"M","PERSON","New Commitment",1100.64
"1805",2019 Q4,"M","PERSON","Technical Commitment",4.32
"1806",2019 Q4,"M","PERSON","Technical Commitment",223.47
"1807",2019 Q4,"M","PROPERTY","New Commitment",743.3
"1808",2019 Q4,"M","PROPERTY","Technical Commitment",201.68
"1809",2019 Q4,"M","SEX OFFENSE","New Commitment",22.66
"1810",2019 Q4,"M","SEX OFFENSE","Technical Commitment",2
"1811",2019 Q4,"M","SEX OFFENSE","New Commitment",1992.62
"1812",2019 Q4,"M","SEX OFFENSE","Technical Commitment",10
"1813",2019 Q4,"M","SEX OFFENSE","Technical Commitment",202.83
"1814",2019 Q4,"M","WEAPONS","New Commitment",110.36
"1815",2019 Q4,"M","WEAPONS","Technical Commitment",16.5
"1816",2020 Q1,"F","ALCOHOL & DRUG","New Commitment",70.76
"1817",2020 Q1,"F","ALCOHOL & DRUG","Technical Commitment",12.99
"1818",2020 Q1,"F","DRIVING","New Commitment",18.68
"1819",2020 Q1,"F","DRIVING","Technical Commitment",2.95
"1820",2020 Q1,"F","DRUG POSSESSION ONLY","New Commitment",18.69
"1821",2020 Q1,"F","DRUG POSSESSION ONLY","Technical Commitment",8.67
"1822",2020 Q1,"F","MURDER","New Commitment",50.87
"1823",2020 Q1,"F","MURDER","Technical Commitment",1
"1824",2020 Q1,"F","MURDER","Technical Commitment",2
"1825",2020 Q1,"F","OTHER","New Commitment",17.96
"1826",2020 Q1,"F","OTHER","Technical Commitment",4.27
"1827",2020 Q1,"F","PERSON","New Commitment",96.86
"1828",2020 Q1,"F","PERSON","Technical Commitment",13.38
"1829",2020 Q1,"F","PROPERTY","New Commitment",166.52
"1830",2020 Q1,"F","PROPERTY","Technical Commitment",31.49
"1831",2020 Q1,"F","SEX OFFENSE","New Commitment",38.21
"1832",2020 Q1,"F","SEX OFFENSE","Technical Commitment",1
"1833",2020 Q1,"F","WEAPONS","New Commitment",3.91
"1834",2020 Q1,"F","WEAPONS","Technical Commitment",1
"1835",2020 Q1,"M","ALCOHOL & DRUG","New Commitment",359.78
"1836",2020 Q1,"M","ALCOHOL & DRUG","Technical Commitment",1
"1837",2020 Q1,"M","ALCOHOL & DRUG","Technical Commitment",80.25
"1838",2020 Q1,"M","DRIVING","New Commitment",122.71
"1839",2020 Q1,"M","DRIVING","Technical Commitment",31.84
"1840",2020 Q1,"M","DRUG POSSESSION ONLY","New Commitment",70.87
"1841",2020 Q1,"M","DRUG POSSESSION ONLY","Technical Commitment",20.22
"1842",2020 Q1,"M","MURDER","New Commitment",699.33
"1843",2020 Q1,"M","MURDER","Technical Commitment",22
"1844",2020 Q1,"M","MURDER","Technical Commitment",17
"1845",2020 Q1,"M","OTHER","New Commitment",78.97
"1846",2020 Q1,"M","OTHER","Technical Commitment",16.64
"1847",2020 Q1,"M","PERSON","New Commitment",1089.67
"1848",2020 Q1,"M","PERSON","Technical Commitment",4
"1849",2020 Q1,"M","PERSON","Technical Commitment",204.92
"1850",2020 Q1,"M","PROPERTY","New Commitment",698.44
"1851",2020 Q1,"M","PROPERTY","Technical Commitment",205.11
"1852",2020 Q1,"M","SEX OFFENSE","New Commitment",20.11
"1853",2020 Q1,"M","SEX OFFENSE","Technical Commitment",1.53
"1854",2020 Q1,"M","SEX OFFENSE","New Commitment",1979.69
"1855",2020 Q1,"M","SEX OFFENSE","Technical Commitment",10
"1856",2020 Q1,"M","SEX OFFENSE","Technical Commitment",202.46
"1857",2020 Q1,"M","WEAPONS","New Commitment",115.29
"1858",2020 Q1,"M","WEAPONS","Technical Commitment",21.48
"1859",2020 Q2,"F","ALCOHOL & DRUG","New Commitment",53
"1860",2020 Q2,"F","ALCOHOL & DRUG","Technical Commitment",5.42
"1861",2020 Q2,"F","DRIVING","New Commitment",14.24
"1862",2020 Q2,"F","DRIVING","Technical Commitment",1
"1863",2020 Q2,"F","DRUG POSSESSION ONLY","New Commitment",15.21
"1864",2020 Q2,"F","DRUG POSSESSION ONLY","Technical Commitment",4.08
"1865",2020 Q2,"F","MURDER","New Commitment",54.84
"1866",2020 Q2,"F","MURDER","Technical Commitment",1
"1867",2020 Q2,"F","MURDER","Technical Commitment",1.69
"1868",2020 Q2,"F","OTHER","New Commitment",19.8
"1869",2020 Q2,"F","OTHER","Technical Commitment",2.23
"1870",2020 Q2,"F","PERSON","New Commitment",84.86
"1871",2020 Q2,"F","PERSON","Technical Commitment",7.96
"1872",2020 Q2,"F","PROPERTY","New Commitment",117.99
"1873",2020 Q2,"F","PROPERTY","Technical Commitment",20.77
"1874",2020 Q2,"F","SEX OFFENSE","New Commitment",38.99
"1875",2020 Q2,"F","SEX OFFENSE","Technical Commitment",1
"1876",2020 Q2,"F","WEAPONS","New Commitment",2.85
"1877",2020 Q2,"F","WEAPONS","Technical Commitment",1
"1878",2020 Q2,"M","ALCOHOL & DRUG","New Commitment",288.91
"1879",2020 Q2,"M","ALCOHOL & DRUG","Technical Commitment",1
"1880",2020 Q2,"M","ALCOHOL & DRUG","Technical Commitment",56.32
"1881",2020 Q2,"M","DRIVING","New Commitment",108.95
"1882",2020 Q2,"M","DRIVING","Technical Commitment",30.45
"1883",2020 Q2,"M","DRUG POSSESSION ONLY","New Commitment",59.51
"1884",2020 Q2,"M","DRUG POSSESSION ONLY","Technical Commitment",13.6
"1885",2020 Q2,"M","MURDER","New Commitment",692.41
"1886",2020 Q2,"M","MURDER","Technical Commitment",22
"1887",2020 Q2,"M","MURDER","Technical Commitment",14.62
"1888",2020 Q2,"M","OTHER","New Commitment",73.14
"1889",2020 Q2,"M","OTHER","Technical Commitment",14.79
"1890",2020 Q2,"M","PERSON","New Commitment",1032.59
"1891",2020 Q2,"M","PERSON","Technical Commitment",4.01
"1892",2020 Q2,"M","PERSON","Technical Commitment",152.12
"1893",2020 Q2,"M","PROPERTY","New Commitment",594.11
"1894",2020 Q2,"M","PROPERTY","Technical Commitment",151.54
"1895",2020 Q2,"M","SEX OFFENSE","New Commitment",19.1
"1896",2020 Q2,"M","SEX OFFENSE","Technical Commitment",1
"1897",2020 Q2,"M","SEX OFFENSE","New Commitment",1914.68
"1898",2020 Q2,"M","SEX OFFENSE","Technical Commitment",10
"1899",2020 Q2,"M","SEX OFFENSE","Technical Commitment",180.9
"1900",2020 Q2,"M","WEAPONS","New Commitment",104.29
"1901",2020 Q2,"M","WEAPONS","Technical Commitment",19.11
"1902",2020 Q3,"F","ALCOHOL & DRUG","New Commitment",41.73
"1903",2020 Q3,"F","ALCOHOL & DRUG","Technical Commitment",4.91
"1904",2020 Q3,"F","DRIVING","New Commitment",12.28
"1905",2020 Q3,"F","DRIVING","Technical Commitment",2.01
"1906",2020 Q3,"F","DRUG POSSESSION ONLY","New Commitment",13.5
"1907",2020 Q3,"F","DRUG POSSESSION ONLY","Technical Commitment",2.92
"1908",2020 Q3,"F","MURDER","New Commitment",53
"1909",2020 Q3,"F","MURDER","Technical Commitment",1
"1910",2020 Q3,"F","MURDER","Technical Commitment",2.15
"1911",2020 Q3,"F","OTHER","New Commitment",12.64
"1912",2020 Q3,"F","OTHER","Technical Commitment",1.54
"1913",2020 Q3,"F","PERSON","New Commitment",78.85
"1914",2020 Q3,"F","PERSON","Technical Commitment",8.43
"1915",2020 Q3,"F","PROPERTY","New Commitment",85.03
"1916",2020 Q3,"F","PROPERTY","Technical Commitment",16.15
"1917",2020 Q3,"F","SEX OFFENSE","New Commitment",37.04
"1918",2020 Q3,"F","SEX OFFENSE","Technical Commitment",1
"1919",2020 Q3,"F","WEAPONS","New Commitment",3
"1920",2020 Q3,"M","ALCOHOL & DRUG","New Commitment",273.08
"1921",2020 Q3,"M","ALCOHOL & DRUG","Technical Commitment",1.01
"1922",2020 Q3,"M","ALCOHOL & DRUG","Technical Commitment",53.28
"1923",2020 Q3,"M","DRIVING","New Commitment",101.67
"1924",2020 Q3,"M","DRIVING","Technical Commitment",26.2
"1925",2020 Q3,"M","DRUG POSSESSION ONLY","New Commitment",46.29
"1926",2020 Q3,"M","DRUG POSSESSION ONLY","Technical Commitment",11.98
"1927",2020 Q3,"M","MURDER","New Commitment",692.95
"1928",2020 Q3,"M","MURDER","Technical Commitment",22
"1929",2020 Q3,"M","MURDER","Technical Commitment",14.33
"1930",2020 Q3,"M","OTHER","New Commitment",61.63
"1931",2020 Q3,"M","OTHER","Technical Commitment",10
"1932",2020 Q3,"M","PERSON","New Commitment",1003.25
"1933",2020 Q3,"M","PERSON","Technical Commitment",4
"1934",2020 Q3,"M","PERSON","Technical Commitment",160.37
"1935",2020 Q3,"M","PROPERTY","New Commitment",522.11
"1936",2020 Q3,"M","PROPERTY","Technical Commitment",132.14
"1937",2020 Q3,"M","SEX OFFENSE","New Commitment",18.92
"1938",2020 Q3,"M","SEX OFFENSE","Technical Commitment",2
"1939",2020 Q3,"M","SEX OFFENSE","New Commitment",1868.38
"1940",2020 Q3,"M","SEX OFFENSE","Technical Commitment",10
"1941",2020 Q3,"M","SEX OFFENSE","Technical Commitment",169.83
"1942",2020 Q3,"M","WEAPONS","New Commitment",99.78
"1943",2020 Q3,"M","WEAPONS","Technical Commitment",15.7
"1944",2020 Q4,"F","ALCOHOL & DRUG","New Commitment",44.93
"1945",2020 Q4,"F","ALCOHOL & DRUG","Technical Commitment",11.07
"1946",2020 Q4,"F","DRIVING","New Commitment",9.85
"1947",2020 Q4,"F","DRIVING","Technical Commitment",3.3
"1948",2020 Q4,"F","DRUG POSSESSION ONLY","New Commitment",10.13
"1949",2020 Q4,"F","DRUG POSSESSION ONLY","Technical Commitment",3.65
"1950",2020 Q4,"F","MURDER","New Commitment",53.1
"1951",2020 Q4,"F","MURDER","Technical Commitment",1
"1952",2020 Q4,"F","MURDER","Technical Commitment",2.63
"1953",2020 Q4,"F","OTHER","New Commitment",5.35
"1954",2020 Q4,"F","OTHER","Technical Commitment",3.28
"1955",2020 Q4,"F","PERSON","New Commitment",77.1
"1956",2020 Q4,"F","PERSON","Technical Commitment",7.74
"1957",2020 Q4,"F","PROPERTY","New Commitment",74.48
"1958",2020 Q4,"F","PROPERTY","Technical Commitment",25.18
"1959",2020 Q4,"F","SEX OFFENSE","New Commitment",32.41
"1960",2020 Q4,"F","SEX OFFENSE","Technical Commitment",1.88
"1961",2020 Q4,"F","WEAPONS","New Commitment",2.35
"1962",2020 Q4,"M","ALCOHOL & DRUG","New Commitment",280.74
"1963",2020 Q4,"M","ALCOHOL & DRUG","Technical Commitment",1
"1964",2020 Q4,"M","ALCOHOL & DRUG","Technical Commitment",57.57
"1965",2020 Q4,"M","DRIVING","New Commitment",88.02
"1966",2020 Q4,"M","DRIVING","Technical Commitment",25.25
"1967",2020 Q4,"M","DRUG POSSESSION ONLY","New Commitment",39.09
"1968",2020 Q4,"M","DRUG POSSESSION ONLY","Technical Commitment",18.46
"1969",2020 Q4,"M","MURDER","New Commitment",679.34
"1970",2020 Q4,"M","MURDER","Technical Commitment",21.29
"1971",2020 Q4,"M","MURDER","Technical Commitment",18.2
"1972",2020 Q4,"M","OTHER","New Commitment",52.29
"1973",2020 Q4,"M","OTHER","Technical Commitment",14.38
"1974",2020 Q4,"M","PERSON","New Commitment",974.73
"1975",2020 Q4,"M","PERSON","Technical Commitment",4
"1976",2020 Q4,"M","PERSON","Technical Commitment",172.63
"1977",2020 Q4,"M","PROPERTY","New Commitment",485.63
"1978",2020 Q4,"M","PROPERTY","Technical Commitment",156.82
"1979",2020 Q4,"M","SEX OFFENSE","New Commitment",17.49
"1980",2020 Q4,"M","SEX OFFENSE","Technical Commitment",1.59
"1981",2020 Q4,"M","SEX OFFENSE","New Commitment",1804.2
"1982",2020 Q4,"M","SEX OFFENSE","Technical Commitment",10
"1983",2020 Q4,"M","SEX OFFENSE","Technical Commitment",160.89
"1984",2020 Q4,"M","WEAPONS","New Commitment",96.93
"1985",2020 Q4,"M","WEAPONS","Technical Commitment",15.34
"1986",2021 Q1,"F","ALCOHOL & DRUG","New Commitment",47.12
"1987",2021 Q1,"F","ALCOHOL & DRUG","Technical Commitment",7.78
"1988",2021 Q1,"F","DRIVING","New Commitment",10.48
"1989",2021 Q1,"F","DRIVING","Technical Commitment",3.56
"1990",2021 Q1,"F","DRUG POSSESSION ONLY","New Commitment",9.52
"1991",2021 Q1,"F","DRUG POSSESSION ONLY","Technical Commitment",6.09
"1992",2021 Q1,"F","MURDER","New Commitment",52.73
"1993",2021 Q1,"F","MURDER","Technical Commitment",1
"1994",2021 Q1,"F","MURDER","Technical Commitment",2.36
"1995",2021 Q1,"F","OTHER","New Commitment",5.88
"1996",2021 Q1,"F","OTHER","Technical Commitment",5.07
"1997",2021 Q1,"F","PERSON","New Commitment",80.39
"1998",2021 Q1,"F","PERSON","Technical Commitment",11.38
"1999",2021 Q1,"F","PROPERTY","New Commitment",86.64
"2000",2021 Q1,"F","PROPERTY","Technical Commitment",30.07
"2001",2021 Q1,"F","SEX OFFENSE","New Commitment",32.66
"2002",2021 Q1,"F","SEX OFFENSE","Technical Commitment",1.51
"2003",2021 Q1,"F","WEAPONS","New Commitment",1
"2004",2021 Q1,"F","WEAPONS","Technical Commitment",1.76
"2005",2021 Q1,"M","ALCOHOL & DRUG","New Commitment",288.83
"2006",2021 Q1,"M","ALCOHOL & DRUG","Technical Commitment",1.3
"2007",2021 Q1,"M","ALCOHOL & DRUG","Technical Commitment",70.04
"2008",2021 Q1,"M","DRIVING","New Commitment",87.39
"2009",2021 Q1,"M","DRIVING","Technical Commitment",21.67
"2010",2021 Q1,"M","DRUG POSSESSION ONLY","New Commitment",34.58
"2011",2021 Q1,"M","DRUG POSSESSION ONLY","Technical Commitment",20.27
"2012",2021 Q1,"M","MURDER","New Commitment",667.14
"2013",2021 Q1,"M","MURDER","Technical Commitment",21.87
"2014",2021 Q1,"M","MURDER","Technical Commitment",19.12
"2015",2021 Q1,"M","OTHER","New Commitment",46.6
"2016",2021 Q1,"M","OTHER","Technical Commitment",20.02
"2017",2021 Q1,"M","PERSON","New Commitment",957.6
"2018",2021 Q1,"M","PERSON","Technical Commitment",4
"2019",2021 Q1,"M","PERSON","Technical Commitment",189.97
"2020",2021 Q1,"M","PROPERTY","New Commitment",481.03
"2021",2021 Q1,"M","PROPERTY","Technical Commitment",178.61
"2022",2021 Q1,"M","SEX OFFENSE","New Commitment",18.41
"2023",2021 Q1,"M","SEX OFFENSE","Technical Commitment",2
"2024",2021 Q1,"M","SEX OFFENSE","New Commitment",1730.73
"2025",2021 Q1,"M","SEX OFFENSE","Technical Commitment",8.89
"2026",2021 Q1,"M","SEX OFFENSE","Technical Commitment",166.87
"2027",2021 Q1,"M","WEAPONS","New Commitment",89.78
"2028",2021 Q1,"M","WEAPONS","Technical Commitment",18.43
"2029",2021 Q2,"F","ALCOHOL & DRUG","New Commitment",57.62
"2030",2021 Q2,"F","ALCOHOL & DRUG","Technical Commitment",12.97
"2031",2021 Q2,"F","DRIVING","New Commitment",11.18
"2032",2021 Q2,"F","DRIVING","Technical Commitment",5.56
"2033",2021 Q2,"F","DRUG POSSESSION ONLY","New Commitment",14.36
"2034",2021 Q2,"F","DRUG POSSESSION ONLY","Technical Commitment",6.32
"2035",2021 Q2,"F","MURDER","New Commitment",53.24
"2036",2021 Q2,"F","MURDER","Technical Commitment",1
"2037",2021 Q2,"F","MURDER","Technical Commitment",3.03
"2038",2021 Q2,"F","OTHER","New Commitment",7.08
"2039",2021 Q2,"F","OTHER","Technical Commitment",4.26
"2040",2021 Q2,"F","PERSON","New Commitment",83.97
"2041",2021 Q2,"F","PERSON","Technical Commitment",14.95
"2042",2021 Q2,"F","PROPERTY","New Commitment",95.65
"2043",2021 Q2,"F","PROPERTY","Technical Commitment",36.73
"2044",2021 Q2,"F","SEX OFFENSE","New Commitment",31.98
"2045",2021 Q2,"F","SEX OFFENSE","Technical Commitment",1
"2046",2021 Q2,"F","WEAPONS","New Commitment",1
"2047",2021 Q2,"F","WEAPONS","Technical Commitment",2.79
"2048",2021 Q2,"M","ALCOHOL & DRUG","New Commitment",313.7
"2049",2021 Q2,"M","ALCOHOL & DRUG","Technical Commitment",2
"2050",2021 Q2,"M","ALCOHOL & DRUG","Technical Commitment",79.49
"2051",2021 Q2,"M","DRIVING","New Commitment",85.12
"2052",2021 Q2,"M","DRIVING","Technical Commitment",32.23
"2053",2021 Q2,"M","DRUG POSSESSION ONLY","New Commitment",29.91
"2054",2021 Q2,"M","DRUG POSSESSION ONLY","Technical Commitment",21.38
"2055",2021 Q2,"M","MURDER","New Commitment",659.3
"2056",2021 Q2,"M","MURDER","Technical Commitment",21.16
"2057",2021 Q2,"M","MURDER","Technical Commitment",17.22
"2058",2021 Q2,"M","OTHER","New Commitment",44.69
"2059",2021 Q2,"M","OTHER","Technical Commitment",26.36
"2060",2021 Q2,"M","PERSON","New Commitment",963.62
"2061",2021 Q2,"M","PERSON","Technical Commitment",4
"2062",2021 Q2,"M","PERSON","Technical Commitment",235.76
"2063",2021 Q2,"M","PROPERTY","New Commitment",480.77
"2064",2021 Q2,"M","PROPERTY","Technical Commitment",1
"2065",2021 Q2,"M","PROPERTY","Technical Commitment",198.31
"2066",2021 Q2,"M","SEX OFFENSE","New Commitment",20.47
"2067",2021 Q2,"M","SEX OFFENSE","Technical Commitment",2
"2068",2021 Q2,"M","SEX OFFENSE","New Commitment",1708.89
"2069",2021 Q2,"M","SEX OFFENSE","Technical Commitment",9
"2070",2021 Q2,"M","SEX OFFENSE","Technical Commitment",183.33
"2071",2021 Q2,"M","WEAPONS","New Commitment",84.22
"2072",2021 Q2,"M","WEAPONS","Technical Commitment",1
"2073",2021 Q2,"M","WEAPONS","Technical Commitment",25.65
"2074",2021 Q3,"F","ALCOHOL & DRUG","New Commitment",56.4
"2075",2021 Q3,"F","ALCOHOL & DRUG","Technical Commitment",9.96
"2076",2021 Q3,"F","DRIVING","New Commitment",12.75
"2077",2021 Q3,"F","DRIVING","Technical Commitment",7.26
"2078",2021 Q3,"F","DRUG POSSESSION ONLY","New Commitment",9.85
"2079",2021 Q3,"F","DRUG POSSESSION ONLY","Technical Commitment",7.53
"2080",2021 Q3,"F","MURDER","New Commitment",55.01
"2081",2021 Q3,"F","MURDER","Technical Commitment",1
"2082",2021 Q3,"F","MURDER","Technical Commitment",4.57
"2083",2021 Q3,"F","OTHER","New Commitment",8.61
"2084",2021 Q3,"F","OTHER","Technical Commitment",5.93
"2085",2021 Q3,"F","PERSON","New Commitment",85.45
"2086",2021 Q3,"F","PERSON","Technical Commitment",15.95
"2087",2021 Q3,"F","PROPERTY","New Commitment",101.3
"2088",2021 Q3,"F","PROPERTY","Technical Commitment",44.58
"2089",2021 Q3,"F","SEX OFFENSE","New Commitment",31.5
"2090",2021 Q3,"F","SEX OFFENSE","Technical Commitment",2.79
"2091",2021 Q3,"F","WEAPONS","Technical Commitment",2.03
"2092",2021 Q3,"M","ALCOHOL & DRUG","New Commitment",321.74
"2093",2021 Q3,"M","ALCOHOL & DRUG","Technical Commitment",2
"2094",2021 Q3,"M","ALCOHOL & DRUG","Technical Commitment",100.54
"2095",2021 Q3,"M","DRIVING","New Commitment",88.88
"2096",2021 Q3,"M","DRIVING","Technical Commitment",35.41
"2097",2021 Q3,"M","DRUG POSSESSION ONLY","New Commitment",29.23
"2098",2021 Q3,"M","DRUG POSSESSION ONLY","Technical Commitment",22.51
"2099",2021 Q3,"M","MURDER","New Commitment",652.57
"2100",2021 Q3,"M","MURDER","Technical Commitment",20.15
"2101",2021 Q3,"M","MURDER","Technical Commitment",23.2
"2102",2021 Q3,"M","OTHER","New Commitment",45.2
"2103",2021 Q3,"M","OTHER","Technical Commitment",37.39
"2104",2021 Q3,"M","PERSON","New Commitment",996.27
"2105",2021 Q3,"M","PERSON","Technical Commitment",4.57
"2106",2021 Q3,"M","PERSON","Technical Commitment",266.58
"2107",2021 Q3,"M","PROPERTY","New Commitment",498.27
"2108",2021 Q3,"M","PROPERTY","Technical Commitment",207.85
"2109",2021 Q3,"M","SEX OFFENSE","New Commitment",20.52
"2110",2021 Q3,"M","SEX OFFENSE","Technical Commitment",1.59
"2111",2021 Q3,"M","SEX OFFENSE","New Commitment",1713.62
"2112",2021 Q3,"M","SEX OFFENSE","Technical Commitment",9
"2113",2021 Q3,"M","SEX OFFENSE","Technical Commitment",196.77
"2114",2021 Q3,"M","WEAPONS","New Commitment",87.04
"2115",2021 Q3,"M","WEAPONS","Technical Commitment",1
"2116",2021 Q3,"M","WEAPONS","Technical Commitment",26.73
"2117",2021 Q4,"F","ALCOHOL & DRUG","New Commitment",54.84
"2118",2021 Q4,"F","ALCOHOL & DRUG","Technical Commitment",10.57
"2119",2021 Q4,"F","DRIVING","New Commitment",13.36
"2120",2021 Q4,"F","DRIVING","Technical Commitment",7.62
"2121",2021 Q4,"F","DRUG POSSESSION ONLY","New Commitment",12.51
"2122",2021 Q4,"F","DRUG POSSESSION ONLY","Technical Commitment",7.57
"2123",2021 Q4,"F","MURDER","New Commitment",55.29
"2124",2021 Q4,"F","MURDER","Technical Commitment",1
"2125",2021 Q4,"F","MURDER","Technical Commitment",6.03
"2126",2021 Q4,"F","OTHER","New Commitment",12.8
"2127",2021 Q4,"F","OTHER","Technical Commitment",7.46
"2128",2021 Q4,"F","PERSON","New Commitment",83.5
"2129",2021 Q4,"F","PERSON","Technical Commitment",17.39
"2130",2021 Q4,"F","PROPERTY","New Commitment",111.89
"2131",2021 Q4,"F","PROPERTY","Technical Commitment",44.41
"2132",2021 Q4,"F","SEX OFFENSE","New Commitment",32.4
"2133",2021 Q4,"F","SEX OFFENSE","Technical Commitment",2.13
"2134",2021 Q4,"F","WEAPONS","New Commitment",1.42
"2135",2021 Q4,"F","WEAPONS","Technical Commitment",1
"2136",2021 Q4,"M","ALCOHOL & DRUG","New Commitment",320.71
"2137",2021 Q4,"M","ALCOHOL & DRUG","Technical Commitment",2
"2138",2021 Q4,"M","ALCOHOL & DRUG","Technical Commitment",103.99
"2139",2021 Q4,"M","DRIVING","New Commitment",88.99
"2140",2021 Q4,"M","DRIVING","Technical Commitment",37.01
"2141",2021 Q4,"M","DRUG POSSESSION ONLY","New Commitment",25.78
"2142",2021 Q4,"M","DRUG POSSESSION ONLY","Technical Commitment",21.5
"2143",2021 Q4,"M","MURDER","New Commitment",657.26
"2144",2021 Q4,"M","MURDER","Technical Commitment",18
"2145",2021 Q4,"M","MURDER","Technical Commitment",18.3
"2146",2021 Q4,"M","OTHER","New Commitment",48.15
"2147",2021 Q4,"M","OTHER","Technical Commitment",30.72
"2148",2021 Q4,"M","PERSON","New Commitment",998.88
"2149",2021 Q4,"M","PERSON","Technical Commitment",6.46
"2150",2021 Q4,"M","PERSON","Technical Commitment",247.91
"2151",2021 Q4,"M","PROPERTY","New Commitment",499.21
"2152",2021 Q4,"M","PROPERTY","Technical Commitment",224.4
"2153",2021 Q4,"M","SEX OFFENSE","New Commitment",19.8
"2154",2021 Q4,"M","SEX OFFENSE","Technical Commitment",1
"2155",2021 Q4,"M","SEX OFFENSE","New Commitment",1731.39
"2156",2021 Q4,"M","SEX OFFENSE","Technical Commitment",9.87
"2157",2021 Q4,"M","SEX OFFENSE","Technical Commitment",205.88
"2158",2021 Q4,"M","WEAPONS","New Commitment",100.99
"2159",2021 Q4,"M","WEAPONS","Technical Commitment",1
"2160",2021 Q4,"M","WEAPONS","Technical Commitment",27.9
"2161",2022 Q1,"F","ALCOHOL & DRUG","New Commitment",54.11
"2162",2022 Q1,"F","ALCOHOL & DRUG","Technical Commitment",13.1
"2163",2022 Q1,"F","DRIVING","New Commitment",11.11
"2164",2022 Q1,"F","DRIVING","Technical Commitment",6.46
"2165",2022 Q1,"F","DRUG POSSESSION ONLY","New Commitment",13.1
"2166",2022 Q1,"F","DRUG POSSESSION ONLY","Technical Commitment",7.16
"2167",2022 Q1,"F","MURDER","New Commitment",57.44
"2168",2022 Q1,"F","MURDER","Technical Commitment",1
"2169",2022 Q1,"F","MURDER","Technical Commitment",7.13
"2170",2022 Q1,"F","OTHER","New Commitment",11.73
"2171",2022 Q1,"F","OTHER","Technical Commitment",5.18
"2172",2022 Q1,"F","PERSON","New Commitment",79.51
"2173",2022 Q1,"F","PERSON","Technical Commitment",20.16
"2174",2022 Q1,"F","PROPERTY","New Commitment",95.58
"2175",2022 Q1,"F","PROPERTY","Technical Commitment",39.96
"2176",2022 Q1,"F","SEX OFFENSE","New Commitment",31.39
"2177",2022 Q1,"F","SEX OFFENSE","Technical Commitment",2.62
"2178",2022 Q1,"F","WEAPONS","New Commitment",2
"2179",2022 Q1,"F","WEAPONS","Technical Commitment",1
"2180",2022 Q1,"M","ALCOHOL & DRUG","New Commitment",313.26
"2181",2022 Q1,"M","ALCOHOL & DRUG","Technical Commitment",2
"2182",2022 Q1,"M","ALCOHOL & DRUG","Technical Commitment",95.4
"2183",2022 Q1,"M","DRIVING","New Commitment",91.21
"2184",2022 Q1,"M","DRIVING","Technical Commitment",39.93
"2185",2022 Q1,"M","DRUG POSSESSION ONLY","New Commitment",26.34
"2186",2022 Q1,"M","DRUG POSSESSION ONLY","Technical Commitment",27.77
"2187",2022 Q1,"M","MURDER","New Commitment",659.68
"2188",2022 Q1,"M","MURDER","Technical Commitment",18
"2189",2022 Q1,"M","MURDER","Technical Commitment",17.1
"2190",2022 Q1,"M","OTHER","New Commitment",46.44
"2191",2022 Q1,"M","OTHER","Technical Commitment",21.87
"2192",2022 Q1,"M","PERSON","New Commitment",1001.64
"2193",2022 Q1,"M","PERSON","Technical Commitment",6
"2194",2022 Q1,"M","PERSON","Technical Commitment",247.64
"2195",2022 Q1,"M","PROPERTY","New Commitment",486.3
"2196",2022 Q1,"M","PROPERTY","Technical Commitment",216.31
"2197",2022 Q1,"M","SEX OFFENSE","New Commitment",22.13
"2198",2022 Q1,"M","SEX OFFENSE","Technical Commitment",1
"2199",2022 Q1,"M","SEX OFFENSE","New Commitment",1742.86
"2200",2022 Q1,"M","SEX OFFENSE","Technical Commitment",10
"2201",2022 Q1,"M","SEX OFFENSE","Technical Commitment",219.68
"2202",2022 Q1,"M","WEAPONS","New Commitment",108.89
"2203",2022 Q1,"M","WEAPONS","Technical Commitment",1
"2204",2022 Q1,"M","WEAPONS","Technical Commitment",24.06
"2205",2022 Q2,"F","ALCOHOL & DRUG","New Commitment",50.01
"2206",2022 Q2,"F","ALCOHOL & DRUG","Technical Commitment",14.95
"2207",2022 Q2,"F","DRIVING","New Commitment",9.31
"2208",2022 Q2,"F","DRIVING","Technical Commitment",5.95
"2209",2022 Q2,"F","DRUG POSSESSION ONLY","New Commitment",16.81
"2210",2022 Q2,"F","DRUG POSSESSION ONLY","Technical Commitment",11.42
"2211",2022 Q2,"F","MURDER","New Commitment",56.15
"2212",2022 Q2,"F","MURDER","Technical Commitment",1
"2213",2022 Q2,"F","MURDER","Technical Commitment",6.21
"2214",2022 Q2,"F","OTHER","New Commitment",15.76
"2215",2022 Q2,"F","OTHER","Technical Commitment",1.52
"2216",2022 Q2,"F","PERSON","New Commitment",73.46
"2217",2022 Q2,"F","PERSON","Technical Commitment",1
"2218",2022 Q2,"F","PERSON","Technical Commitment",26.41
"2219",2022 Q2,"F","PROPERTY","New Commitment",85.51
"2220",2022 Q2,"F","PROPERTY","Technical Commitment",41.38
"2221",2022 Q2,"F","SEX OFFENSE","New Commitment",29.19
"2222",2022 Q2,"F","SEX OFFENSE","Technical Commitment",1.77
"2223",2022 Q2,"F","WEAPONS","New Commitment",1.29
"2224",2022 Q2,"F","WEAPONS","Technical Commitment",1
"2225",2022 Q2,"M","ALCOHOL & DRUG","New Commitment",314.18
"2226",2022 Q2,"M","ALCOHOL & DRUG","Technical Commitment",2
"2227",2022 Q2,"M","ALCOHOL & DRUG","Technical Commitment",84.98
"2228",2022 Q2,"M","DRIVING","New Commitment",95.02
"2229",2022 Q2,"M","DRIVING","Technical Commitment",42.02
"2230",2022 Q2,"M","DRUG POSSESSION ONLY","New Commitment",37.04
"2231",2022 Q2,"M","DRUG POSSESSION ONLY","Technical Commitment",24.6
"2232",2022 Q2,"M","MURDER","New Commitment",665.91
"2233",2022 Q2,"M","MURDER","Technical Commitment",17.7
"2234",2022 Q2,"M","MURDER","Technical Commitment",21.4
"2235",2022 Q2,"M","OTHER","New Commitment",49.2
"2236",2022 Q2,"M","OTHER","Technical Commitment",21.95
"2237",2022 Q2,"M","PERSON","New Commitment",994.97
"2238",2022 Q2,"M","PERSON","Technical Commitment",6
"2239",2022 Q2,"M","PERSON","Technical Commitment",245.35
"2240",2022 Q2,"M","PROPERTY","New Commitment",470.24
"2241",2022 Q2,"M","PROPERTY","Technical Commitment",1
"2242",2022 Q2,"M","PROPERTY","Technical Commitment",209.07
"2243",2022 Q2,"M","SEX OFFENSE","New Commitment",23.76
"2244",2022 Q2,"M","SEX OFFENSE","Technical Commitment",1
"2245",2022 Q2,"M","SEX OFFENSE","New Commitment",1755.85
"2246",2022 Q2,"M","SEX OFFENSE","Technical Commitment",10.18
"2247",2022 Q2,"M","SEX OFFENSE","Technical Commitment",205.78
"2248",2022 Q2,"M","WEAPONS","New Commitment",101.34
"2249",2022 Q2,"M","WEAPONS","Technical Commitment",1
"2250",2022 Q2,"M","WEAPONS","Technical Commitment",28.44
"2251",2022 Q3,"F","ALCOHOL & DRUG","New Commitment",44.9
"2252",2022 Q3,"F","ALCOHOL & DRUG","Technical Commitment",13.77
"2253",2022 Q3,"F","DRIVING","New Commitment",13.8
"2254",2022 Q3,"F","DRIVING","Technical Commitment",8.24
"2255",2022 Q3,"F","DRUG POSSESSION ONLY","New Commitment",17.22
"2256",2022 Q3,"F","DRUG POSSESSION ONLY","Technical Commitment",11.63
"2257",2022 Q3,"F","MURDER","New Commitment",56.15
"2258",2022 Q3,"F","MURDER","Technical Commitment",1
"2259",2022 Q3,"F","MURDER","Technical Commitment",4.96
"2260",2022 Q3,"F","OTHER","New Commitment",15.14
"2261",2022 Q3,"F","OTHER","Technical Commitment",1.9
"2262",2022 Q3,"F","PERSON","New Commitment",77.15
"2263",2022 Q3,"F","PERSON","Technical Commitment",1
"2264",2022 Q3,"F","PERSON","Technical Commitment",24.57
"2265",2022 Q3,"F","PROPERTY","New Commitment",86.22
"2266",2022 Q3,"F","PROPERTY","Technical Commitment",43.99
"2267",2022 Q3,"F","SEX OFFENSE","New Commitment",28.28
"2268",2022 Q3,"F","SEX OFFENSE","Technical Commitment",1.36
"2269",2022 Q3,"F","WEAPONS","New Commitment",1
"2270",2022 Q3,"F","WEAPONS","Technical Commitment",1
"2271",2022 Q3,"M","ALCOHOL & DRUG","New Commitment",303.27
"2272",2022 Q3,"M","ALCOHOL & DRUG","Technical Commitment",2
"2273",2022 Q3,"M","ALCOHOL & DRUG","Technical Commitment",98.92
"2274",2022 Q3,"M","DRIVING","New Commitment",102.34
"2275",2022 Q3,"M","DRIVING","Technical Commitment",41.45
"2276",2022 Q3,"M","DRUG POSSESSION ONLY","New Commitment",33.54
"2277",2022 Q3,"M","DRUG POSSESSION ONLY","Technical Commitment",19.61
"2278",2022 Q3,"M","MURDER","New Commitment",675.23
"2279",2022 Q3,"M","MURDER","Technical Commitment",17.03
"2280",2022 Q3,"M","MURDER","Technical Commitment",22.11
"2281",2022 Q3,"M","OTHER","New Commitment",50.38
"2282",2022 Q3,"M","OTHER","Technical Commitment",23.9
"2283",2022 Q3,"M","PERSON","New Commitment",1023.1
"2284",2022 Q3,"M","PERSON","Technical Commitment",6.63
"2285",2022 Q3,"M","PERSON","Technical Commitment",244.41
"2286",2022 Q3,"M","PROPERTY","New Commitment",460.43
"2287",2022 Q3,"M","PROPERTY","Technical Commitment",1
"2288",2022 Q3,"M","PROPERTY","Technical Commitment",209.2
"2289",2022 Q3,"M","SEX OFFENSE","New Commitment",26
"2290",2022 Q3,"M","SEX OFFENSE","Technical Commitment",2.97
"2291",2022 Q3,"M","SEX OFFENSE","New Commitment",1778.18
"2292",2022 Q3,"M","SEX OFFENSE","Technical Commitment",11
"2293",2022 Q3,"M","SEX OFFENSE","Technical Commitment",195.37
"2294",2022 Q3,"M","WEAPONS","New Commitment",104.6
"2295",2022 Q3,"M","WEAPONS","Technical Commitment",1.34
"2296",2022 Q3,"M","WEAPONS","Technical Commitment",32.11
"2297",2022 Q4,"F","ALCOHOL & DRUG","New Commitment",43.16
"2298",2022 Q4,"F","ALCOHOL & DRUG","Technical Commitment",16.84
"2299",2022 Q4,"F","DRIVING","New Commitment",16.95
"2300",2022 Q4,"F","DRIVING","Technical Commitment",6
"2301",2022 Q4,"F","DRUG POSSESSION ONLY","New Commitment",15.29
"2302",2022 Q4,"F","DRUG POSSESSION ONLY","Technical Commitment",4.29
"2303",2022 Q4,"F","MURDER","New Commitment",55.07
"2304",2022 Q4,"F","MURDER","Technical Commitment",1
"2305",2022 Q4,"F","MURDER","Technical Commitment",6.58
"2306",2022 Q4,"F","OTHER","New Commitment",12.32
"2307",2022 Q4,"F","OTHER","Technical Commitment",3.85
"2308",2022 Q4,"F","PERSON","New Commitment",81.13
"2309",2022 Q4,"F","PERSON","Technical Commitment",1
"2310",2022 Q4,"F","PERSON","Technical Commitment",21.74
"2311",2022 Q4,"F","PROPERTY","New Commitment",92.84
"2312",2022 Q4,"F","PROPERTY","Technical Commitment",37.48
"2313",2022 Q4,"F","SEX OFFENSE","New Commitment",25.78
"2314",2022 Q4,"F","SEX OFFENSE","Technical Commitment",1
"2315",2022 Q4,"F","WEAPONS","New Commitment",1.47
"2316",2022 Q4,"M","ALCOHOL & DRUG","New Commitment",305.65
"2317",2022 Q4,"M","ALCOHOL & DRUG","Technical Commitment",2
"2318",2022 Q4,"M","ALCOHOL & DRUG","Technical Commitment",102.29
"2319",2022 Q4,"M","DRIVING","New Commitment",104.48
"2320",2022 Q4,"M","DRIVING","Technical Commitment",40.74
"2321",2022 Q4,"M","DRUG POSSESSION ONLY","New Commitment",29.64
"2322",2022 Q4,"M","DRUG POSSESSION ONLY","Technical Commitment",18.39
"2323",2022 Q4,"M","MURDER","New Commitment",686.03
"2324",2022 Q4,"M","MURDER","Technical Commitment",16
"2325",2022 Q4,"M","MURDER","Technical Commitment",20.34
"2326",2022 Q4,"M","OTHER","New Commitment",60.95
"2327",2022 Q4,"M","OTHER","Technical Commitment",24.22
"2328",2022 Q4,"M","PERSON","New Commitment",1029.57
"2329",2022 Q4,"M","PERSON","Technical Commitment",6
"2330",2022 Q4,"M","PERSON","Technical Commitment",265.98
"2331",2022 Q4,"M","PROPERTY","New Commitment",454.27
"2332",2022 Q4,"M","PROPERTY","Technical Commitment",1
"2333",2022 Q4,"M","PROPERTY","Technical Commitment",206.17
"2334",2022 Q4,"M","SEX OFFENSE","New Commitment",27.03
"2335",2022 Q4,"M","SEX OFFENSE","Technical Commitment",2.91
"2336",2022 Q4,"M","SEX OFFENSE","New Commitment",1790.2
"2337",2022 Q4,"M","SEX OFFENSE","Technical Commitment",12.09
"2338",2022 Q4,"M","SEX OFFENSE","Technical Commitment",202.12
"2339",2022 Q4,"M","WEAPONS","New Commitment",99.88
"2340",2022 Q4,"M","WEAPONS","Technical Commitment",2
"2341",2022 Q4,"M","WEAPONS","Technical Commitment",34.86
"2342",2023 Q1,"F","ALCOHOL & DRUG","New Commitment",44.28
"2343",2023 Q1,"F","ALCOHOL & DRUG","Technical Commitment",21.5
"2344",2023 Q1,"F","DRIVING","New Commitment",14.99
"2345",2023 Q1,"F","DRIVING","Technical Commitment",5.63
"2346",2023 Q1,"F","DRUG POSSESSION ONLY","New Commitment",12.58
"2347",2023 Q1,"F","DRUG POSSESSION ONLY","Technical Commitment",5.46
"2348",2023 Q1,"F","MURDER","New Commitment",56.08
"2349",2023 Q1,"F","MURDER","Technical Commitment",1
"2350",2023 Q1,"F","MURDER","Technical Commitment",5.11
"2351",2023 Q1,"F","OTHER","New Commitment",14.2
"2352",2023 Q1,"F","OTHER","Technical Commitment",2.3
"2353",2023 Q1,"F","PERSON","New Commitment",86.43
"2354",2023 Q1,"F","PERSON","Technical Commitment",1
"2355",2023 Q1,"F","PERSON","Technical Commitment",17.31
"2356",2023 Q1,"F","PROPERTY","New Commitment",95.58
"2357",2023 Q1,"F","PROPERTY","Technical Commitment",31.74
"2358",2023 Q1,"F","SEX OFFENSE","New Commitment",25.5
"2359",2023 Q1,"F","SEX OFFENSE","Technical Commitment",2.19
"2360",2023 Q1,"F","WEAPONS","New Commitment",3
"2361",2023 Q1,"F","WEAPONS","Technical Commitment",1
"2362",2023 Q1,"M","OTHER","New Commitment",1
"2363",2023 Q1,"M","ALCOHOL & DRUG","New Commitment",307.03
"2364",2023 Q1,"M","ALCOHOL & DRUG","Technical Commitment",2.58
"2365",2023 Q1,"M","ALCOHOL & DRUG","Technical Commitment",94.23
"2366",2023 Q1,"M","DRIVING","New Commitment",115.08
"2367",2023 Q1,"M","DRIVING","Technical Commitment",41.37
"2368",2023 Q1,"M","DRUG POSSESSION ONLY","New Commitment",26.52
"2369",2023 Q1,"M","DRUG POSSESSION ONLY","Technical Commitment",16.83
"2370",2023 Q1,"M","MURDER","New Commitment",695.4
"2371",2023 Q1,"M","MURDER","Technical Commitment",16
"2372",2023 Q1,"M","MURDER","Technical Commitment",21.98
"2373",2023 Q1,"M","OTHER","New Commitment",60.92
"2374",2023 Q1,"M","OTHER","Technical Commitment",22.73
"2375",2023 Q1,"M","PERSON","New Commitment",1035.79
"2376",2023 Q1,"M","PERSON","Technical Commitment",6.5
"2377",2023 Q1,"M","PERSON","Technical Commitment",261.37
"2378",2023 Q1,"M","PROPERTY","New Commitment",461
"2379",2023 Q1,"M","PROPERTY","Technical Commitment",1
"2380",2023 Q1,"M","PROPERTY","Technical Commitment",199.49
"2381",2023 Q1,"M","SEX OFFENSE","New Commitment",27.81
"2382",2023 Q1,"M","SEX OFFENSE","Technical Commitment",2.42
"2383",2023 Q1,"M","SEX OFFENSE","New Commitment",1832.87
"2384",2023 Q1,"M","SEX OFFENSE","Technical Commitment",13.03
"2385",2023 Q1,"M","SEX OFFENSE","Technical Commitment",199.06
"2386",2023 Q1,"M","WEAPONS","New Commitment",107.86
"2387",2023 Q1,"M","WEAPONS","Technical Commitment",2
"2388",2023 Q1,"M","WEAPONS","Technical Commitment",33.14
"2389",2023 Q2,"F","ALCOHOL & DRUG","New Commitment",46.63
"2390",2023 Q2,"F","ALCOHOL & DRUG","Technical Commitment",17.3
"2391",2023 Q2,"F","DRIVING","New Commitment",16.14
"2392",2023 Q2,"F","DRIVING","Technical Commitment",5.27
"2393",2023 Q2,"F","DRUG POSSESSION ONLY","New Commitment",14.81
"2394",2023 Q2,"F","DRUG POSSESSION ONLY","Technical Commitment",7.46
"2395",2023 Q2,"F","MURDER","New Commitment",57.49
"2396",2023 Q2,"F","MURDER","Technical Commitment",1
"2397",2023 Q2,"F","MURDER","Technical Commitment",2.55
"2398",2023 Q2,"F","OTHER","New Commitment",12.29
"2399",2023 Q2,"F","OTHER","Technical Commitment",1
"2400",2023 Q2,"F","PERSON","New Commitment",91.02
"2401",2023 Q2,"F","PERSON","Technical Commitment",1
"2402",2023 Q2,"F","PERSON","Technical Commitment",21.92
"2403",2023 Q2,"F","PROPERTY","New Commitment",96.01
"2404",2023 Q2,"F","PROPERTY","Technical Commitment",35.89
"2405",2023 Q2,"F","SEX OFFENSE","New Commitment",25.76
"2406",2023 Q2,"F","SEX OFFENSE","Technical Commitment",6.56
"2407",2023 Q2,"F","WEAPONS","New Commitment",3.49
"2408",2023 Q2,"F","WEAPONS","Technical Commitment",1
"2409",2023 Q2,"M","OTHER","New Commitment",1
"2410",2023 Q2,"M","ALCOHOL & DRUG","New Commitment",306.54
"2411",2023 Q2,"M","ALCOHOL & DRUG","Technical Commitment",4.76
"2412",2023 Q2,"M","ALCOHOL & DRUG","Technical Commitment",105.18
"2413",2023 Q2,"M","DRIVING","New Commitment",121.76
"2414",2023 Q2,"M","DRIVING","Technical Commitment",40.3
"2415",2023 Q2,"M","DRUG POSSESSION ONLY","New Commitment",27.62
"2416",2023 Q2,"M","DRUG POSSESSION ONLY","Technical Commitment",14.87
"2417",2023 Q2,"M","MURDER","New Commitment",698.7
"2418",2023 Q2,"M","MURDER","Technical Commitment",16
"2419",2023 Q2,"M","MURDER","Technical Commitment",21.22
"2420",2023 Q2,"M","OTHER","New Commitment",58.97
"2421",2023 Q2,"M","OTHER","Technical Commitment",1
"2422",2023 Q2,"M","OTHER","Technical Commitment",19.89
"2423",2023 Q2,"M","PERSON","New Commitment",1038.7
"2424",2023 Q2,"M","PERSON","Technical Commitment",7.57
"2425",2023 Q2,"M","PERSON","Technical Commitment",257.78
"2426",2023 Q2,"M","PROPERTY","New Commitment",456.64
"2427",2023 Q2,"M","PROPERTY","Technical Commitment",1
"2428",2023 Q2,"M","PROPERTY","Technical Commitment",187.14
"2429",2023 Q2,"M","SEX OFFENSE","New Commitment",27.43
"2430",2023 Q2,"M","SEX OFFENSE","Technical Commitment",2
"2431",2023 Q2,"M","SEX OFFENSE","New Commitment",1875.18
"2432",2023 Q2,"M","SEX OFFENSE","Technical Commitment",14
"2433",2023 Q2,"M","SEX OFFENSE","Technical Commitment",203.41
"2434",2023 Q2,"M","WEAPONS","New Commitment",115.19
"2435",2023 Q2,"M","WEAPONS","Technical Commitment",2
"2436",2023 Q2,"M","WEAPONS","Technical Commitment",33.58
"2437",2023 Q3,"F","ALCOHOL & DRUG","New Commitment",53.9
"2438",2023 Q3,"F","ALCOHOL & DRUG","Technical Commitment",16.37
"2439",2023 Q3,"F","DRIVING","New Commitment",21.71
"2440",2023 Q3,"F","DRIVING","Technical Commitment",4.24
"2441",2023 Q3,"F","DRUG POSSESSION ONLY","New Commitment",11.67
"2442",2023 Q3,"F","DRUG POSSESSION ONLY","Technical Commitment",4.3
"2443",2023 Q3,"F","MURDER","New Commitment",58.39
"2444",2023 Q3,"F","MURDER","Technical Commitment",1
"2445",2023 Q3,"F","MURDER","Technical Commitment",2.62
"2446",2023 Q3,"F","OTHER","New Commitment",12.35
"2447",2023 Q3,"F","OTHER","Technical Commitment",1
"2448",2023 Q3,"F","PERSON","New Commitment",91.85
"2449",2023 Q3,"F","PERSON","Technical Commitment",1
"2450",2023 Q3,"F","PERSON","Technical Commitment",20.62
"2451",2023 Q3,"F","PROPERTY","New Commitment",97.03
"2452",2023 Q3,"F","PROPERTY","Technical Commitment",32.04
"2453",2023 Q3,"F","SEX OFFENSE","New Commitment",26.89
"2454",2023 Q3,"F","SEX OFFENSE","Technical Commitment",4.97
"2455",2023 Q3,"F","WEAPONS","New Commitment",4.35
"2456",2023 Q3,"F","WEAPONS","Technical Commitment",1.53
"2457",2023 Q3,"M","ALCOHOL & DRUG","New Commitment",315.42
"2458",2023 Q3,"M","ALCOHOL & DRUG","Technical Commitment",5.88
"2459",2023 Q3,"M","ALCOHOL & DRUG","Technical Commitment",108.88
"2460",2023 Q3,"M","DRIVING","New Commitment",127.21
"2461",2023 Q3,"M","DRIVING","Technical Commitment",34.43
"2462",2023 Q3,"M","DRUG POSSESSION ONLY","New Commitment",30.28
"2463",2023 Q3,"M","DRUG POSSESSION ONLY","Technical Commitment",16.13
"2464",2023 Q3,"M","MURDER","New Commitment",710.57
"2465",2023 Q3,"M","MURDER","Technical Commitment",16
"2466",2023 Q3,"M","MURDER","Technical Commitment",24.68
"2467",2023 Q3,"M","OTHER","New Commitment",57.71
"2468",2023 Q3,"M","OTHER","Technical Commitment",17.8
"2469",2023 Q3,"M","PERSON","New Commitment",1045.66
"2470",2023 Q3,"M","PERSON","Technical Commitment",8.12
"2471",2023 Q3,"M","PERSON","Technical Commitment",252.52
"2472",2023 Q3,"M","PROPERTY","New Commitment",456.74
"2473",2023 Q3,"M","PROPERTY","Technical Commitment",1.01
"2474",2023 Q3,"M","PROPERTY","Technical Commitment",193.86
"2475",2023 Q3,"M","SEX OFFENSE","New Commitment",26.15
"2476",2023 Q3,"M","SEX OFFENSE","Technical Commitment",1.62
"2477",2023 Q3,"M","SEX OFFENSE","New Commitment",1898.99
"2478",2023 Q3,"M","SEX OFFENSE","Technical Commitment",14.85
"2479",2023 Q3,"M","SEX OFFENSE","Technical Commitment",218.33
"2480",2023 Q3,"M","WEAPONS","New Commitment",112.14
"2481",2023 Q3,"M","WEAPONS","Technical Commitment",2
"2482",2023 Q3,"M","WEAPONS","Technical Commitment",29
"2483",2023 Q4,"F","ALCOHOL & DRUG","New Commitment",56.28
"2484",2023 Q4,"F","ALCOHOL & DRUG","Technical Commitment",1
"2485",2023 Q4,"F","ALCOHOL & DRUG","Technical Commitment",10.83
"2486",2023 Q4,"F","DRIVING","New Commitment",19.25
"2487",2023 Q4,"F","DRIVING","Technical Commitment",5.46
"2488",2023 Q4,"F","DRUG POSSESSION ONLY","New Commitment",16.15
"2489",2023 Q4,"F","DRUG POSSESSION ONLY","Technical Commitment",3.18
"2490",2023 Q4,"F","MURDER","New Commitment",59.49
"2491",2023 Q4,"F","MURDER","Technical Commitment",1
"2492",2023 Q4,"F","MURDER","Technical Commitment",4
"2493",2023 Q4,"F","OTHER","New Commitment",11.16
"2494",2023 Q4,"F","OTHER","Technical Commitment",2.4
"2495",2023 Q4,"F","PERSON","New Commitment",96.76
"2496",2023 Q4,"F","PERSON","Technical Commitment",1
"2497",2023 Q4,"F","PERSON","Technical Commitment",19.85
"2498",2023 Q4,"F","PROPERTY","New Commitment",95.02
"2499",2023 Q4,"F","PROPERTY","Technical Commitment",34.65
"2500",2023 Q4,"F","SEX OFFENSE","New Commitment",27.68
"2501",2023 Q4,"F","SEX OFFENSE","Technical Commitment",5.17
"2502",2023 Q4,"F","WEAPONS","New Commitment",4.49
"2503",2023 Q4,"F","WEAPONS","Technical Commitment",1
"2504",2023 Q4,"M","ALCOHOL & DRUG","New Commitment",323.12
"2505",2023 Q4,"M","ALCOHOL & DRUG","Technical Commitment",6.14
"2506",2023 Q4,"M","ALCOHOL & DRUG","Technical Commitment",105.91
"2507",2023 Q4,"M","DRIVING","New Commitment",126.01
"2508",2023 Q4,"M","DRIVING","Technical Commitment",39
"2509",2023 Q4,"M","DRUG POSSESSION ONLY","New Commitment",31.98
"2510",2023 Q4,"M","DRUG POSSESSION ONLY","Technical Commitment",16.36
"2511",2023 Q4,"M","MURDER","New Commitment",721.3
"2512",2023 Q4,"M","MURDER","Technical Commitment",15.82
"2513",2023 Q4,"M","MURDER","Technical Commitment",28.83
"2514",2023 Q4,"M","OTHER","New Commitment",63.7
"2515",2023 Q4,"M","OTHER","Technical Commitment",22.1
"2516",2023 Q4,"M","PERSON","New Commitment",1068.13
"2517",2023 Q4,"M","PERSON","Technical Commitment",11.46
"2518",2023 Q4,"M","PERSON","Technical Commitment",276.49
"2519",2023 Q4,"M","PROPERTY","New Commitment",457.25
"2520",2023 Q4,"M","PROPERTY","Technical Commitment",1
"2521",2023 Q4,"M","PROPERTY","Technical Commitment",207.68
"2522",2023 Q4,"M","SEX OFFENSE","New Commitment",26.59
"2523",2023 Q4,"M","SEX OFFENSE","Technical Commitment",1.39
"2524",2023 Q4,"M","SEX OFFENSE","New Commitment",1934.54
"2525",2023 Q4,"M","SEX OFFENSE","Technical Commitment",16.82
"2526",2023 Q4,"M","SEX OFFENSE","Technical Commitment",211.11
"2527",2023 Q4,"M","WEAPONS","New Commitment",118.47
"2528",2023 Q4,"M","WEAPONS","Technical Commitment",2
"2529",2023 Q4,"M","WEAPONS","Technical Commitment",27.47
"2530",2024 Q1,"F","ALCOHOL & DRUG","New Commitment",53.84
"2531",2024 Q1,"F","ALCOHOL & DRUG","Technical Commitment",1
"2532",2024 Q1,"F","ALCOHOL & DRUG","Technical Commitment",10.6
"2533",2024 Q1,"F","DRIVING","New Commitment",25.49
"2534",2024 Q1,"F","DRIVING","Technical Commitment",9.12
"2535",2024 Q1,"F","DRUG POSSESSION ONLY","New Commitment",21.02
"2536",2024 Q1,"F","DRUG POSSESSION ONLY","Technical Commitment",6.15
"2537",2024 Q1,"F","MURDER","New Commitment",59.21
"2538",2024 Q1,"F","MURDER","Technical Commitment",1
"2539",2024 Q1,"F","MURDER","Technical Commitment",2.71
"2540",2024 Q1,"F","OTHER","New Commitment",10
"2541",2024 Q1,"F","OTHER","Technical Commitment",2.85
"2542",2024 Q1,"F","PERSON","New Commitment",94.24
"2543",2024 Q1,"F","PERSON","Technical Commitment",1
"2544",2024 Q1,"F","PERSON","Technical Commitment",22.93
"2545",2024 Q1,"F","PROPERTY","New Commitment",90.74
"2546",2024 Q1,"F","PROPERTY","Technical Commitment",41.21
"2547",2024 Q1,"F","SEX OFFENSE","New Commitment",29
"2548",2024 Q1,"F","SEX OFFENSE","Technical Commitment",6.62
"2549",2024 Q1,"F","WEAPONS","New Commitment",4
"2550",2024 Q1,"F","WEAPONS","Technical Commitment",1
"2551",2024 Q1,"M","ALCOHOL & DRUG","New Commitment",321.97
"2552",2024 Q1,"M","ALCOHOL & DRUG","Technical Commitment",7.05
"2553",2024 Q1,"M","ALCOHOL & DRUG","Technical Commitment",101.58
"2554",2024 Q1,"M","DRIVING","New Commitment",124.52
"2555",2024 Q1,"M","DRIVING","Technical Commitment",1
"2556",2024 Q1,"M","DRIVING","Technical Commitment",39.02
"2557",2024 Q1,"M","DRUG POSSESSION ONLY","New Commitment",34.99
"2558",2024 Q1,"M","DRUG POSSESSION ONLY","Technical Commitment",17.87
"2559",2024 Q1,"M","MURDER","New Commitment",732.05
"2560",2024 Q1,"M","MURDER","Technical Commitment",15
"2561",2024 Q1,"M","MURDER","Technical Commitment",28.1
"2562",2024 Q1,"M","OTHER","New Commitment",67.12
"2563",2024 Q1,"M","OTHER","Technical Commitment",1
"2564",2024 Q1,"M","OTHER","Technical Commitment",25.87
"2565",2024 Q1,"M","PERSON","New Commitment",1059.18
"2566",2024 Q1,"M","PERSON","Technical Commitment",15.22
"2567",2024 Q1,"M","PERSON","Technical Commitment",295.09
"2568",2024 Q1,"M","PROPERTY","New Commitment",475.55
"2569",2024 Q1,"M","PROPERTY","Technical Commitment",1.78
"2570",2024 Q1,"M","PROPERTY","Technical Commitment",218.05
"2571",2024 Q1,"M","SEX OFFENSE","New Commitment",27.54
"2572",2024 Q1,"M","SEX OFFENSE","Technical Commitment",1.82
"2573",2024 Q1,"M","SEX OFFENSE","New Commitment",1983.9
"2574",2024 Q1,"M","SEX OFFENSE","Technical Commitment",18.33
"2575",2024 Q1,"M","SEX OFFENSE","Technical Commitment",204.87
"2576",2024 Q1,"M","WEAPONS","New Commitment",133.62
"2577",2024 Q1,"M","WEAPONS","Technical Commitment",2.51
"2578",2024 Q1,"M","WEAPONS","Technical Commitment",31.1
"2579",2024 Q2,"F","ALCOHOL & DRUG","New Commitment",54.62
"2580",2024 Q2,"F","ALCOHOL & DRUG","Technical Commitment",1
"2581",2024 Q2,"F","ALCOHOL & DRUG","Technical Commitment",9.51
"2582",2024 Q2,"F","DRIVING","New Commitment",27.84
"2583",2024 Q2,"F","DRIVING","Technical Commitment",4.45
"2584",2024 Q2,"F","DRUG POSSESSION ONLY","New Commitment",19.23
"2585",2024 Q2,"F","DRUG POSSESSION ONLY","Technical Commitment",3.95
"2586",2024 Q2,"F","MURDER","New Commitment",60.63
"2587",2024 Q2,"F","MURDER","Technical Commitment",1
"2588",2024 Q2,"F","MURDER","Technical Commitment",3.82
"2589",2024 Q2,"F","OTHER","New Commitment",10.59
"2590",2024 Q2,"F","OTHER","Technical Commitment",1
"2591",2024 Q2,"F","OTHER","Technical Commitment",1.97
"2592",2024 Q2,"F","PERSON","New Commitment",87.67
"2593",2024 Q2,"F","PERSON","Technical Commitment",1
"2594",2024 Q2,"F","PERSON","Technical Commitment",21.4
"2595",2024 Q2,"F","PROPERTY","New Commitment",84.23
"2596",2024 Q2,"F","PROPERTY","Technical Commitment",1.13
"2597",2024 Q2,"F","PROPERTY","Technical Commitment",35.84
"2598",2024 Q2,"F","SEX OFFENSE","New Commitment",30.47
"2599",2024 Q2,"F","SEX OFFENSE","Technical Commitment",6.25
"2600",2024 Q2,"F","WEAPONS","New Commitment",4
"2601",2024 Q2,"F","WEAPONS","Technical Commitment",1
"2602",2024 Q2,"M","ALCOHOL & DRUG","New Commitment",314.2
"2603",2024 Q2,"M","ALCOHOL & DRUG","Technical Commitment",11.74
"2604",2024 Q2,"M","ALCOHOL & DRUG","Technical Commitment",84.02
"2605",2024 Q2,"M","DRIVING","New Commitment",132.51
"2606",2024 Q2,"M","DRIVING","Technical Commitment",1.13
"2607",2024 Q2,"M","DRIVING","Technical Commitment",29.69
"2608",2024 Q2,"M","DRUG POSSESSION ONLY","New Commitment",40.71
"2609",2024 Q2,"M","DRUG POSSESSION ONLY","Technical Commitment",14.68
"2610",2024 Q2,"M","MURDER","New Commitment",736.15
"2611",2024 Q2,"M","MURDER","Technical Commitment",15.64
"2612",2024 Q2,"M","MURDER","Technical Commitment",27.23
"2613",2024 Q2,"M","OTHER","New Commitment",73.99
"2614",2024 Q2,"M","OTHER","Technical Commitment",1
"2615",2024 Q2,"M","OTHER","Technical Commitment",22.1
"2616",2024 Q2,"M","PERSON","New Commitment",1069.21
"2617",2024 Q2,"M","PERSON","Technical Commitment",20.67
"2618",2024 Q2,"M","PERSON","Technical Commitment",253.02
"2619",2024 Q2,"M","PROPERTY","New Commitment",474.73
"2620",2024 Q2,"M","PROPERTY","Technical Commitment",4.65
"2621",2024 Q2,"M","PROPERTY","Technical Commitment",182.01
"2622",2024 Q2,"M","SEX OFFENSE","New Commitment",27.21
"2623",2024 Q2,"M","SEX OFFENSE","Technical Commitment",1.82
"2624",2024 Q2,"M","SEX OFFENSE","New Commitment",2025.29
"2625",2024 Q2,"M","SEX OFFENSE","Technical Commitment",23.88
"2626",2024 Q2,"M","SEX OFFENSE","Technical Commitment",183.99
"2627",2024 Q2,"M","WEAPONS","New Commitment",133.73
"2628",2024 Q2,"M","WEAPONS","Technical Commitment",4
"2629",2024 Q2,"M","WEAPONS","Technical Commitment",25.93
"2630",2024 Q3,"F","ALCOHOL & DRUG","New Commitment",52.52
"2631",2024 Q3,"F","ALCOHOL & DRUG","Technical Commitment",1.52
"2632",2024 Q3,"F","ALCOHOL & DRUG","Technical Commitment",8.5
"2633",2024 Q3,"F","DRIVING","New Commitment",26.34
"2634",2024 Q3,"F","DRIVING","Technical Commitment",1.65
"2635",2024 Q3,"F","DRIVING","Technical Commitment",2.3
"2636",2024 Q3,"F","DRUG POSSESSION ONLY","New Commitment",15.43
"2637",2024 Q3,"F","DRUG POSSESSION ONLY","Technical Commitment",4.65
"2638",2024 Q3,"F","MURDER","New Commitment",63.43
"2639",2024 Q3,"F","MURDER","Technical Commitment",1
"2640",2024 Q3,"F","MURDER","Technical Commitment",2.21
"2641",2024 Q3,"F","OTHER","New Commitment",12.62
"2642",2024 Q3,"F","OTHER","Technical Commitment",1.23
"2643",2024 Q3,"F","PERSON","New Commitment",82.07
"2644",2024 Q3,"F","PERSON","Technical Commitment",1
"2645",2024 Q3,"F","PERSON","Technical Commitment",19.21
"2646",2024 Q3,"F","PROPERTY","New Commitment",74.38
"2647",2024 Q3,"F","PROPERTY","Technical Commitment",2.37
"2648",2024 Q3,"F","PROPERTY","Technical Commitment",31.61
"2649",2024 Q3,"F","SEX OFFENSE","New Commitment",32.68
"2650",2024 Q3,"F","SEX OFFENSE","Technical Commitment",4.22
"2651",2024 Q3,"F","WEAPONS","New Commitment",2.59
"2652",2024 Q3,"F","WEAPONS","Technical Commitment",1
"2653",2024 Q3,"M","ALCOHOL & DRUG","New Commitment",301.87
"2654",2024 Q3,"M","ALCOHOL & DRUG","Technical Commitment",18.77
"2655",2024 Q3,"M","ALCOHOL & DRUG","Technical Commitment",82.63
"2656",2024 Q3,"M","DRIVING","New Commitment",132.12
"2657",2024 Q3,"M","DRIVING","Technical Commitment",2.37
"2658",2024 Q3,"M","DRIVING","Technical Commitment",28.15
"2659",2024 Q3,"M","DRUG POSSESSION ONLY","New Commitment",42.53
"2660",2024 Q3,"M","DRUG POSSESSION ONLY","Technical Commitment",1
"2661",2024 Q3,"M","DRUG POSSESSION ONLY","Technical Commitment",14.7
"2662",2024 Q3,"M","MURDER","New Commitment",748.9
"2663",2024 Q3,"M","MURDER","Technical Commitment",17.07
"2664",2024 Q3,"M","MURDER","Technical Commitment",24.87
"2665",2024 Q3,"M","OTHER","New Commitment",68.58
"2666",2024 Q3,"M","OTHER","Technical Commitment",3.01
"2667",2024 Q3,"M","OTHER","Technical Commitment",17.25
"2668",2024 Q3,"M","PERSON","New Commitment",1068.78
"2669",2024 Q3,"M","PERSON","Technical Commitment",31.62
"2670",2024 Q3,"M","PERSON","Technical Commitment",242.25
"2671",2024 Q3,"M","PROPERTY","New Commitment",458.66
"2672",2024 Q3,"M","PROPERTY","Technical Commitment",10.9
"2673",2024 Q3,"M","PROPERTY","Technical Commitment",176.14
"2674",2024 Q3,"M","SEX OFFENSE","New Commitment",26.88
"2675",2024 Q3,"M","SEX OFFENSE","Technical Commitment",1.4
"2676",2024 Q3,"M","SEX OFFENSE","New Commitment",2067.28
"2677",2024 Q3,"M","SEX OFFENSE","Technical Commitment",29.13
"2678",2024 Q3,"M","SEX OFFENSE","Technical Commitment",173.84
"2679",2024 Q3,"M","WEAPONS","New Commitment",130.26
"2680",2024 Q3,"M","WEAPONS","Technical Commitment",4.83
"2681",2024 Q3,"M","WEAPONS","Technical Commitment",22.02
"2682",2024 Q4,"F","ALCOHOL & DRUG","New Commitment",52.75
"2683",2024 Q4,"F","ALCOHOL & DRUG","Technical Commitment",3.75
"2684",2024 Q4,"F","ALCOHOL & DRUG","Technical Commitment",7.61
"2685",2024 Q4,"F","DRIVING","New Commitment",24.85
"2686",2024 Q4,"F","DRIVING","Technical Commitment",2
"2687",2024 Q4,"F","DRIVING","Technical Commitment",3.85
"2688",2024 Q4,"F","DRUG POSSESSION ONLY","New Commitment",12.09
"2689",2024 Q4,"F","DRUG POSSESSION ONLY","Technical Commitment",4.78
"2690",2024 Q4,"F","MURDER","New Commitment",63.7
"2691",2024 Q4,"F","MURDER","Technical Commitment",1
"2692",2024 Q4,"F","MURDER","Technical Commitment",1
"2693",2024 Q4,"F","OTHER","New Commitment",13.54
"2694",2024 Q4,"F","OTHER","Technical Commitment",1
"2695",2024 Q4,"F","OTHER","Technical Commitment",1
"2696",2024 Q4,"F","PERSON","New Commitment",73.15
"2697",2024 Q4,"F","PERSON","Technical Commitment",1.15
"2698",2024 Q4,"F","PERSON","Technical Commitment",23.26
"2699",2024 Q4,"F","PROPERTY","New Commitment",74.84
"2700",2024 Q4,"F","PROPERTY","Technical Commitment",7.93
"2701",2024 Q4,"F","PROPERTY","Technical Commitment",32.7
"2702",2024 Q4,"F","SEX OFFENSE","New Commitment",1
"2703",2024 Q4,"F","SEX OFFENSE","New Commitment",31.84
"2704",2024 Q4,"F","SEX OFFENSE","Technical Commitment",1.69
"2705",2024 Q4,"F","SEX OFFENSE","Technical Commitment",1.02
"2706",2024 Q4,"F","WEAPONS","New Commitment",1
"2707",2024 Q4,"F","WEAPONS","Technical Commitment",1.07
"2708",2024 Q4,"M","ALCOHOL & DRUG","New Commitment",287.73
"2709",2024 Q4,"M","ALCOHOL & DRUG","Technical Commitment",33.86
"2710",2024 Q4,"M","ALCOHOL & DRUG","Technical Commitment",86.8
"2711",2024 Q4,"M","DRIVING","New Commitment",123.28
"2712",2024 Q4,"M","DRIVING","Technical Commitment",6.87
"2713",2024 Q4,"M","DRIVING","Technical Commitment",25.23
"2714",2024 Q4,"M","DRUG POSSESSION ONLY","New Commitment",35.66
"2715",2024 Q4,"M","DRUG POSSESSION ONLY","Technical Commitment",2.52
"2716",2024 Q4,"M","DRUG POSSESSION ONLY","Technical Commitment",12.6
"2717",2024 Q4,"M","MURDER","New Commitment",757.05
"2718",2024 Q4,"M","MURDER","Technical Commitment",19.67
"2719",2024 Q4,"M","MURDER","Technical Commitment",18.52
"2720",2024 Q4,"M","OTHER","New Commitment",67.79
"2721",2024 Q4,"M","OTHER","Technical Commitment",6.66
"2722",2024 Q4,"M","OTHER","Technical Commitment",19.15
"2723",2024 Q4,"M","PERSON","New Commitment",1023.76
"2724",2024 Q4,"M","PERSON","Technical Commitment",65.59
"2725",2024 Q4,"M","PERSON","Technical Commitment",221.9
"2726",2024 Q4,"M","PROPERTY","New Commitment",427.53
"2727",2024 Q4,"M","PROPERTY","Technical Commitment",32.95
"2728",2024 Q4,"M","PROPERTY","Technical Commitment",176.84
"2729",2024 Q4,"M","SEX OFFENSE","New Commitment",23.87
"2730",2024 Q4,"M","SEX OFFENSE","Technical Commitment",1
"2731",2024 Q4,"M","SEX OFFENSE","New Commitment",2082.27
"2732",2024 Q4,"M","SEX OFFENSE","Technical Commitment",45.67
"2733",2024 Q4,"M","SEX OFFENSE","Technical Commitment",162.66
"2734",2024 Q4,"M","WEAPONS","New Commitment",124.55
"2735",2024 Q4,"M","WEAPONS","Technical Commitment",5.9
"2736",2024 Q4,"M","WEAPONS","Technical Commitment",23.52
